word,zipf
aahed,0.0
aalii,0.04
aapas,0.0
aargh,0.0
aarti,0.0
abaca,2.43
abaci,0.0
aback,3.11
abacs,0.0
abaft,2.47
abaht,1.2
abaka,0.0
abamp,0.0
aband,1.63
abase,2.14
abash,1.7
abask,0.0
abate,3.37
abaya,1.7
abbas,3.15
abbed,0.36
abbes,0.0
abbey,4.01
abbot,3.83
abcee,0.0
abeam,2.18
abear,1.18
abeat,0.69
abeer,0.0
abele,2.08
abeng,0.0
abers,0.0
abets,0.0
abeys,0.0
abhor,2.91
abide,3.79
abies,2.87
abius,0.0
abjad,0.0
abjud,0.0
abled,2.09
abler,0.0
ables,0.0
ablet,0.89
ablow,1.23
abmho,0.0
abnet,0.62
abode,3.74
abohm,0.1
aboil,0.92
aboma,0.58
aboon,1.65
abord,2.01
abore,1.77
aborn,0.0
abort,2.98
about,6.15
above,5.6
abram,3.3
abray,0.54
abrim,0.78
abrin,0.0
abris,0.0
absey,0.58
absit,1.54
abuna,1.67
abune,1.37
abura,1.16
aburn,0.42
abuse,4.63
abuts,0.0
abuzz,1.91
abyes,0.0
abysm,1.53
abyss,3.43
acais,0.0
acara,0.0
acari,0.0
accas,0.0
accha,0.0
accoy,0.0
accra,3.14
acedy,0.0
acene,0.0
acerb,1.05
acers,0.0
aceta,0.0
achar,0.0
ached,0.0
acher,1.71
aches,0.0
achey,0.0
achoo,0.0
acids,0.0
acidy,0.93
acies,0.0
acing,0.0
acini,0.0
ackee,1.36
acker,2.78
acmes,0.0
acmic,0.0
acned,0.67
acnes,0.0
acock,1.63
acoel,0.0
acold,0.87
acone,0.76
acorn,3.08
acral,1.76
acred,1.52
acres,4.81
acrid,3.0
acron,1.47
acros,0.0
acryl,0.0
actas,0.0
acted,4.49
actin,3.35
acton,3.23
actor,4.18
actus,0.0
acute,4.63
acyls,0.0
adage,3.03
adapt,3.98
adats,0.0
adawn,0.0
adaws,0.0
adays,1.69
adbot,0.0
addas,0.0
addax,1.39
added,5.22
adder,2.98
addin,1.75
addio,1.79
addle,1.97
addra,0.0
adead,0.64
adeem,0.94
adept,3.32
adhan,0.0
adhoc,0.0
adieu,3.25
adios,2.13
adits,0.0
adlib,1.25
adman,1.77
admen,0.0
admin,3.65
admit,4.55
admix,1.48
adnex,0.0
adobe,3.39
adobo,1.66
adoon,0.0
adopt,4.5
adorb,0.0
adore,3.29
adorn,3.3
adown,2.31
adoze,0.0
adrad,0.69
adraw,0.0
adred,0.0
adret,0.0
adrip,0.54
adsum,1.24
aduki,0.0
adult,4.78
adunc,0.0
adust,1.43
advew,0.0
advts,0.0
adyta,0.0
adyts,0.0
adzed,0.0
adzes,0.0
aecia,0.0
aedes,2.84
aeger,0.0
aegis,3.12
aeons,0.0
aerie,2.18
aeros,0.0
aesir,1.62
aevum,0.0
afald,0.19
afanc,0.59
afara,0.79
afars,0.0
afear,0.48
affix,3.13
affly,1.17
afion,0.0
afire,2.65
afizz,0.0
aflaj,0.0
aflap,0.0
aflow,0.85
afoam,0.52
afoot,3.0
afore,3.2
afoul,2.6
afret,0.13
afrit,1.33
afros,0.0
after,6.04
aftos,0.0
again,5.59
agals,0.0
agama,2.13
agami,1.23
agamy,0.62
agape,2.82
agars,0.0
agasp,0.56
agast,1.23
agate,3.09
agaty,0.0
agave,2.69
agaze,0.64
agbas,0.0
agene,1.26
agent,5.01
agers,0.0
aggag,0.0
agger,2.09
aggie,0.0
aggri,0.14
aggro,1.47
aggry,0.43
aghas,0.0
agidi,0.0
agila,0.95
agile,3.21
aging,4.23
agios,0.0
agism,0.76
agist,0.99
agita,0.0
aglee,0.0
aglet,1.12
agley,1.26
agloo,0.0
aglow,2.63
aglus,0.0
agmas,0.0
agoge,0.0
agogo,0.0
agone,2.08
agons,0.0
agony,3.8
agood,1.96
agora,2.78
agree,4.87
agria,1.36
agrin,1.55
agros,0.0
agrum,1.3
agued,0.75
agues,0.0
aguey,0.0
aguna,0.0
agush,0.0
aguti,0.0
ahead,4.67
aheap,0.83
ahent,0.0
ahigh,1.42
ahind,0.57
ahing,0.0
ahint,1.31
ahold,2.28
ahole,0.0
ahull,1.14
ahuru,0.0
aidas,0.0
aided,4.11
aider,2.36
aides,3.51
aidoi,0.0
aidos,0.0
aiery,0.76
aigas,0.0
aight,1.65
ailed,0.0
aimag,0.0
aimak,1.21
aimed,4.34
aimer,2.15
ainee,0.0
ainga,0.0
aioli,1.72
aired,3.18
airer,0.97
airns,0.0
airth,0.0
airts,0.0
aisle,3.66
aitch,1.57
aitus,0.0
aiver,0.94
aixes,0.0
aiyah,0.0
aiyee,0.0
aiyoh,0.0
aiyoo,0.0
aizle,0.0
ajies,0.0
ajiva,0.0
ajuga,1.55
ajupa,0.0
ajwan,0.0
akara,0.0
akees,0.0
akela,1.58
akene,1.25
aking,0.0
akita,2.35
akkas,0.0
akker,1.57
akoia,0.0
akoja,0.0
akoya,0.0
aksed,0.0
akses,0.0
alaap,0.0
alack,2.39
alala,1.28
alamo,2.99
aland,2.46
alane,0.0
alang,0.0
alans,0.0
alant,1.04
alapa,0.0
alaps,0.0
alarm,4.24
alary,1.9
alata,2.24
alate,2.16
alays,0.0
albas,0.0
albee,2.67
albid,0.57
album,3.84
alcea,1.3
alces,1.95
alcid,0.98
alcos,0.0
aldea,1.83
alder,3.3
aldol,2.32
aleak,0.8
aleck,2.39
alecs,0.0
aleem,0.0
alefs,0.0
aleft,0.6
aleph,2.59
alert,4.08
alews,0.0
aleye,0.0
alfas,0.0
algae,3.8
algal,3.35
algas,0.0
algid,1.29
algin,1.66
algor,1.47
algos,0.0
algum,1.32
alias,3.51
alibi,3.15
alick,0.0
alien,4.25
alifs,0.0
align,3.45
alike,4.36
alims,0.0
aline,2.73
alios,0.0
alist,0.0
alive,4.53
aliya,0.0
alkie,0.0
alkin,1.46
alkos,0.0
alkyd,2.54
alkyl,3.53
allan,3.91
allay,3.16
allee,0.0
allel,0.0
allen,4.55
aller,2.76
alley,3.86
allin,2.38
allis,3.13
allod,0.87
allot,2.99
allow,5.03
alloy,4.22
allus,2.04
allyl,2.85
almah,1.39
almas,0.0
almeh,0.62
almes,0.0
almud,0.0
almug,1.13
alods,0.0
aloed,0.0
aloes,2.74
aloft,3.42
aloha,2.69
aloin,0.0
alone,5.17
along,5.4
aloof,3.39
aloos,0.0
alose,0.7
aloud,3.94
alowe,0.82
alpha,4.17
altar,4.14
alter,4.36
altho,0.0
altos,0.0
alula,1.83
alums,0.0
alumy,0.0
alure,0.79
alurk,0.0
alvar,0.0
alway,2.7
amahs,0.0
amain,2.24
amari,0.0
amaro,0.0
amass,2.7
amate,1.54
amaut,0.0
amaze,2.78
amban,0.0
amber,3.73
ambit,2.92
amble,2.37
ambos,0.0
ambry,1.22
ameba,2.09
ameer,2.57
amend,4.65
amene,1.15
amens,0.0
ament,2.24
amias,1.65
amice,0.0
amici,0.0
amide,3.15
amido,2.33
amids,0.0
amies,0.0
amiga,0.0
amigo,2.47
amine,3.44
amino,4.27
amins,0.0
amirs,0.0
amiss,3.3
amity,3.18
amlas,0.0
amman,2.99
ammas,0.0
ammon,0.0
ammos,0.0
amnia,0.0
amnic,0.0
amnio,1.26
amoks,0.0
amole,1.4
among,5.58
amore,0.0
amort,2.32
amour,3.1
amove,1.38
amowt,0.0
amped,0.0
ample,4.27
amply,3.67
ampul,1.7
amrit,0.0
amuck,2.09
amuse,3.4
amyls,0.0
anana,0.0
anata,0.0
ancho,0.0
ancle,1.92
ancon,2.35
andic,0.0
andro,2.22
anear,1.55
anele,0.95
anent,2.69
angas,2.19
angel,4.25
anger,4.41
angle,4.74
anglo,4.2
angry,4.37
angst,2.78
anigh,1.57
anile,1.32
anils,0.0
anima,3.01
anime,2.42
animi,0.0
anion,3.5
anise,2.7
anker,2.39
ankhs,0.0
ankle,3.75
ankus,1.01
anlas,0.0
annal,2.34
annan,0.0
annas,0.0
annat,0.0
annex,3.99
annoy,3.15
annul,3.16
annum,4.32
annus,0.0
anoas,0.0
anode,3.69
anole,1.49
anomy,1.42
ansae,0.0
ansas,0.0
antae,0.0
antar,0.0
antas,0.0
anted,0.0
antes,2.48
antic,2.5
antis,0.0
antra,0.0
antre,0.0
antsy,2.03
anura,2.05
anvil,3.24
anyon,1.83
aorta,3.59
apace,3.0
apage,0.0
apaid,0.82
apart,4.79
apayd,0.0
apays,0.0
apeak,1.5
apeek,0.0
apers,0.0
apert,1.85
apery,0.92
apgar,2.47
aphid,3.12
aphis,3.13
apian,1.61
aping,2.26
apiol,0.0
apish,1.69
apism,0.0
apnea,3.04
apode,0.05
apods,0.0
apols,0.0
apoop,0.0
aport,1.41
appal,2.12
appam,0.0
appay,0.44
appel,0.0
apple,4.34
apply,5.06
appro,2.92
appts,0.0
appui,1.93
appuy,0.32
apres,0.0
apron,3.59
apses,0.0
apsis,1.59
apsos,0.0
apted,0.0
apter,0.0
aptly,3.4
aquae,0.0
aquas,0.0
araba,1.93
araks,0.0
arame,1.2
arars,0.0
arbah,0.0
arbas,0.0
arbor,3.98
arced,2.16
archi,2.47
arcos,0.0
arcus,2.23
ardeb,1.04
ardor,3.12
ardri,0.0
aread,1.16
areae,0.0
areal,3.15
arear,1.03
areas,0.0
areca,2.35
aredd,0.0
arede,0.54
arefy,0.0
areic,0.0
arena,3.93
arene,0.0
arepa,0.0
arere,0.93
arete,2.29
arets,0.0
arett,0.0
argal,1.47
argan,0.0
argil,1.54
argle,0.92
argol,1.61
argon,3.54
argot,2.27
argue,4.43
argus,3.19
arhat,2.0
arias,0.0
ariel,0.0
ariki,0.0
arils,0.0
ariot,0.38
arise,4.6
arish,2.19
arith,0.0
arked,0.0
arled,0.0
arles,2.63
armed,4.67
armer,2.04
armet,1.23
armil,0.68
armor,3.77
arnas,0.0
arnis,0.0
arnut,0.0
aroba,0.43
aroha,0.0
aroid,1.41
aroma,3.37
arose,4.36
arpas,0.0
arpen,0.0
arrah,2.08
arras,2.92
array,4.34
arret,0.0
arris,2.08
arrow,4.13
arroz,0.0
arsed,1.63
arses,0.0
arsey,0.0
arsis,1.67
arson,3.34
artal,0.0
artel,1.91
arter,2.57
artic,2.23
artis,0.0
artly,1.55
artsy,1.95
aruhe,0.0
arums,0.0
arval,1.46
arvee,0.0
arvos,0.0
aryls,0.0
asada,0.0
asana,2.11
ascon,0.0
ascot,2.72
ascus,2.32
asdic,1.73
ashed,0.0
ashen,2.76
ashes,0.0
ashet,0.0
aside,4.72
asity,0.0
askar,1.81
asked,5.36
asker,1.94
askew,2.91
askoi,0.0
askos,0.0
aspen,3.47
asper,2.33
aspic,2.17
aspie,1.19
aspis,1.63
aspro,0.0
assai,1.91
assam,3.58
assay,4.01
assed,2.53
asses,0.0
asset,4.34
assez,0.0
assot,0.71
aster,3.26
astir,2.44
astun,0.0
asura,2.18
asway,0.39
aswim,0.61
asyla,0.0
ataps,0.0
ataxy,1.85
atigi,0.0
atilt,1.03
atimy,0.0
atlas,3.99
atman,0.0
atmas,0.0
atmos,0.0
atocs,0.0
atoke,0.27
atoks,0.0
atoll,3.02
atoms,0.0
atomy,0.0
atone,3.02
atony,2.32
atopy,2.15
atria,0.0
atrip,1.43
attap,1.35
attar,2.39
attas,0.0
atter,2.59
attic,3.63
atuas,0.0
aucht,1.74
audad,0.0
audax,0.0
audio,4.14
audit,4.35
augen,2.38
auger,3.32
auges,0.0
aught,3.36
augur,2.72
aulas,0.0
aulic,1.8
auloi,0.0
aulos,0.0
aumil,0.87
aunes,0.0
aunts,0.0
aunty,2.73
aurae,0.0
aural,3.15
aurar,0.0
auras,0.0
aurei,0.0
aures,0.0
auric,2.15
auris,0.0
aurum,2.2
autos,0.0
auxin,2.9
avail,4.1
avale,0.89
avant,3.44
avast,1.85
avels,0.0
avens,1.76
avers,0.0
avert,3.44
avgas,0.0
avian,3.36
avine,0.81
avion,1.94
avise,0.0
aviso,1.6
avize,0.92
avoid,4.89
avows,0.0
avyze,0.0
await,3.77
awake,4.02
award,4.75
aware,4.82
awari,0.0
awarn,0.0
awash,2.79
awato,0.0
awave,0.81
aways,2.17
awdls,0.0
aweel,1.52
aweto,0.35
awful,4.09
awing,1.76
awkin,0.0
awmry,0.0
awned,2.35
awner,0.72
awoke,0.0
awols,0.0
awork,1.3
axels,0.0
axial,4.04
axile,1.8
axils,0.0
axing,0.0
axiom,3.42
axion,0.0
axite,0.15
axled,1.33
axles,0.0
axman,0.0
axmen,0.0
axoid,0.68
axone,1.43
axons,0.0
ayahs,0.0
ayaya,0.0
ayelp,0.0
aygre,0.0
ayins,0.0
aymag,0.0
ayont,1.22
ayres,0.0
ayrie,0.0
azans,0.0
azide,2.75
azido,1.94
azine,0.0
azlon,0.0
azoic,1.99
azole,0.0
azons,0.0
azote,2.22
azoth,0.0
azuki,1.38
azure,3.29
azurn,0.05
azury,0.0
azygy,0.0
azyme,0.29
azyms,0.0
baaed,0.0
baals,0.0
baaps,0.0
babas,0.0
babby,1.79
babel,3.14
babes,0.0
babka,1.43
baboo,2.23
babul,1.78
babus,0.0
bacca,1.69
bacco,2.06
baccy,1.57
bacha,1.82
bachs,0.0
backs,3.94
backy,0.8
bacne,0.0
bacon,4.18
badam,0.0
baddy,0.0
badge,3.61
badly,4.29
baels,0.0
baffs,0.0
baffy,0.76
bafta,1.6
bafts,0.71
bagel,2.48
baggy,2.8
baghs,0.0
bagie,0.0
bagsy,0.0
bagua,0.0
bahts,0.0
bahus,0.0
bahut,1.17
baiks,0.0
baile,2.29
bails,0.0
bairn,2.42
baisa,0.81
baith,2.27
baits,0.0
baiza,0.94
baize,2.38
bajan,1.64
bajra,0.0
bajri,1.53
bajus,0.0
baked,3.78
baken,1.53
baker,4.42
bakes,0.0
bakra,0.0
balas,2.05
balds,0.0
baldy,2.51
baled,2.65
baler,0.0
bales,3.79
balks,0.0
balky,1.9
ballo,0.0
balls,4.07
bally,2.68
balms,0.0
balmy,2.88
baloi,0.0
balon,0.0
baloo,1.79
balot,0.0
balsa,2.47
balti,0.0
balun,0.0
balus,0.0
balut,0.0
bamas,0.0
bambi,0.0
bamma,0.0
bammy,0.0
banak,1.02
banal,2.94
banco,3.27
bancs,0.0
banda,2.93
bandh,0.0
bands,0.0
bandy,2.63
baned,0.86
banes,0.0
bangs,0.0
bania,0.0
banjo,2.94
banks,4.98
banky,1.26
banns,2.64
bants,0.0
bantu,3.3
banty,0.0
bantz,0.0
banya,1.61
baons,0.0
baozi,0.0
bappu,0.0
bapus,0.0
barbe,2.47
barbs,0.0
barby,0.0
barca,2.38
barde,1.7
bardo,0.0
bards,0.0
bardy,1.69
bared,3.0
barer,0.0
bares,0.0
barfi,0.0
barfs,0.0
barfy,0.0
barge,3.79
baric,1.92
barks,0.0
barky,1.46
barms,0.0
barmy,1.75
barns,0.0
barny,0.0
baron,4.1
barps,0.0
barra,0.0
barre,3.38
barro,0.0
barry,4.05
barye,1.74
basal,4.18
basan,1.71
basas,0.0
based,5.51
basen,0.0
baser,0.0
bases,4.39
basha,2.09
basho,2.11
basic,5.14
basij,0.0
basil,3.75
basin,4.59
basis,5.33
basks,0.0
bason,2.3
basse,2.59
bassi,0.0
basso,2.75
bassy,0.0
basta,2.18
baste,2.57
basti,0.0
basto,1.5
basts,0.0
batch,3.94
bated,2.48
bates,0.0
bathe,3.31
baths,3.83
batik,2.47
baton,3.66
batos,0.0
batta,2.04
batts,0.0
battu,0.0
batty,2.57
bauds,0.0
bauks,0.0
baulk,2.11
baurs,0.0
bavin,1.77
bawds,0.0
bawdy,2.71
bawks,0.0
bawls,0.0
bawns,0.0
bawrs,0.0
bawty,0.02
bayas,0.0
bayed,1.87
bayer,3.2
bayes,3.03
bayle,2.75
bayou,3.39
bayts,0.0
bazar,2.96
bazas,0.0
bazoo,0.0
bball,0.0
bdays,0.0
beach,4.62
beads,3.84
beady,2.47
beaks,0.0
beaky,1.57
beals,0.0
beams,0.0
beamy,1.66
beano,1.77
beans,0.0
beany,1.84
beard,3.99
beare,2.78
bears,0.0
beast,4.03
beath,1.9
beats,3.73
beaty,2.49
beaus,1.77
beaut,2.06
beaux,3.09
bebop,2.3
becap,0.0
becke,0.0
becks,0.0
bedad,1.69
bedel,1.9
bedes,0.0
bedew,1.47
bedim,1.12
bedye,0.0
beech,3.56
beedi,0.0
beefs,0.0
beefy,2.4
beeps,0.0
beers,0.0
beery,2.32
beets,0.0
befit,2.22
befog,1.5
begad,1.49
began,5.23
begar,1.59
begat,2.78
begem,0.8
beget,2.92
begin,4.9
begob,0.94
begot,2.65
begum,2.73
begun,4.6
beige,3.1
beigy,0.0
being,5.95
beins,0.0
beira,2.58
beisa,0.99
bekah,1.4
belah,1.33
belar,0.0
belay,2.26
belch,2.42
belee,0.27
belga,0.0
belie,2.72
belit,0.0
belle,3.77
belli,0.0
bello,0.0
bells,3.94
belly,3.94
belon,0.0
below,5.3
belts,0.0
belve,0.0
bemad,0.73
bemas,0.0
bemix,0.0
bemud,0.0
bench,4.3
bends,3.55
bendy,1.73
benes,0.0
benet,2.65
benga,0.0
benis,0.0
benji,0.0
benne,2.02
benni,1.46
benny,3.29
bento,0.0
bents,0.0
benty,1.07
bepat,0.0
beray,0.43
beres,1.81
beret,2.58
bergs,0.0
berko,0.0
berks,0.0
berme,1.63
berms,0.0
berob,0.0
berry,3.99
berth,3.45
beryl,3.12
besat,0.0
besaw,0.0
besee,0.22
beses,0.0
beset,3.52
besit,0.82
besom,2.01
besot,0.93
besti,0.0
bests,0.0
betas,0.0
beted,0.0
betel,2.82
betes,0.0
beths,0.0
betid,1.05
beton,2.2
betta,0.0
betty,3.89
bevan,0.0
bevel,3.2
bever,2.32
bevor,0.0
bevue,0.86
bevvy,0.0
bewdy,0.0
bewet,0.21
bewig,0.28
bezel,2.26
bezes,0.0
bezil,0.25
bezzy,0.0
bhais,0.0
bhaji,1.24
bhang,2.09
bhats,0.0
bhava,0.0
bhels,0.0
bhoot,0.97
bhuna,0.0
bhuts,0.0
biach,0.0
biali,0.0
bialy,1.39
bibbs,1.79
bibes,0.0
bibis,0.0
bible,4.68
biccy,0.0
bicep,0.0
bices,0.0
bicky,0.88
biddy,2.68
bided,2.1
bider,1.25
bides,0.0
bidet,1.86
bidis,0.0
bidon,1.06
bidri,1.0
bield,1.26
biers,0.0
biffo,0.0
biffs,0.0
biffy,0.0
bifid,2.72
bigae,0.0
biggs,0.0
biggy,0.0
bigha,1.85
bight,3.11
bigly,0.86
bigos,1.23
bigot,2.74
bihon,0.0
bijou,2.45
biked,0.0
biker,2.55
bikes,0.0
bikie,0.0
bikky,0.19
bilal,0.0
bilat,0.0
bilbo,2.44
bilby,1.99
biled,0.0
biles,0.0
bilge,2.85
bilgy,0.37
bilks,0.0
bills,0.0
billy,4.02
bimah,0.0
bimas,0.0
bimbo,2.19
binal,0.7
bindi,0.0
binds,0.0
biner,0.0
bines,0.0
binge,2.96
bingo,3.1
bings,0.0
bingy,0.48
binit,0.66
binks,0.0
binky,0.0
bints,0.0
biogs,0.0
biome,2.43
bions,0.0
biont,0.3
biose,0.0
biota,2.97
biped,2.31
bipod,1.67
bippy,0.0
birch,3.81
birdo,0.0
birds,0.0
biris,0.0
birks,0.0
birle,1.16
birls,0.0
biros,0.0
birrs,0.0
birse,1.57
birsy,0.0
birth,4.81
birze,0.0
birzz,0.0
bises,0.0
bisks,0.0
bisom,0.0
bison,3.26
bitch,3.62
biter,2.11
bites,0.0
bitey,0.0
bitos,0.0
bitou,0.0
bitsy,2.06
bitte,0.0
bitts,1.89
bitty,2.14
bivia,0.0
bivvy,1.06
bizes,0.0
bizzo,0.0
bizzy,0.0
blabs,0.0
black,5.35
blade,4.22
blads,0.0
blady,1.07
blaer,0.0
blaes,0.0
blaff,0.21
blags,0.0
blahs,1.28
blain,2.53
blame,4.27
blams,0.0
blanc,3.37
bland,3.56
blank,4.34
blare,2.43
blart,0.88
blase,2.31
blash,0.86
blast,4.14
blate,1.28
blats,0.0
blatt,0.0
blaud,1.41
blawn,0.0
blaws,0.0
blays,0.0
blaze,3.56
bleah,0.0
bleak,3.51
blear,1.89
bleat,2.28
blebs,0.0
blech,0.0
bleed,3.46
bleep,2.03
blees,0.0
blend,3.89
blent,2.17
blert,0.0
bless,3.96
blest,3.28
blets,0.0
bleys,0.0
blimp,2.24
blimy,0.41
blind,4.54
bling,2.34
blini,1.29
blink,3.25
blins,0.0
bliny,0.64
blips,0.0
bliss,3.87
blist,1.04
blite,1.22
blits,0.0
blitz,2.89
blive,1.43
bloat,2.46
blobs,0.0
block,4.82
blocs,0.0
blogs,0.0
bloke,2.83
blond,3.59
blonx,0.0
blood,5.23
blook,0.0
bloom,4.06
bloop,1.27
blore,2.01
blots,0.0
blown,4.0
blows,0.0
blowy,1.31
blubs,0.0
blude,1.67
bluds,0.0
bludy,0.0
blued,2.15
bluer,2.34
blues,3.83
bluet,1.6
bluey,1.84
bluff,3.77
bluid,0.0
blume,2.79
blunk,1.38
blunt,3.81
blurb,2.36
blurs,0.0
blurt,2.41
blush,3.57
blype,0.0
boabs,0.0
boaks,0.0
board,5.58
boars,0.0
boart,1.52
boast,3.74
boats,0.0
boaty,0.57
bobac,0.66
bobak,0.0
bobas,0.0
bobby,3.73
bobol,0.0
bobos,0.0
bocca,2.13
bocce,1.52
bocci,1.33
boche,2.35
bocks,0.0
boded,2.19
bodes,0.0
bodge,1.59
bodgy,0.0
bodhi,0.0
bodle,1.62
bodoh,0.0
boeps,0.0
boers,0.0
boeti,0.0
boets,0.0
boeuf,2.46
boffo,1.26
boffs,0.0
bogan,0.0
bogey,2.62
boggy,2.72
bogie,2.74
bogle,2.51
bogue,2.69
bogus,3.03
bohea,1.84
bohos,0.0
boils,0.0
boing,2.11
boink,0.0
boite,0.0
boked,0.0
bokeh,0.0
bokes,0.0
bokos,0.0
bolar,1.6
bolas,1.93
boldo,1.17
bolds,0.0
boles,0.0
bolet,0.0
bolix,0.0
bolks,0.0
bolls,0.0
bolos,0.0
bolts,0.0
bolus,3.04
bomas,0.0
bombe,0.0
bombo,1.52
bombs,0.0
bomoh,0.0
bomor,0.0
bonce,1.08
bonds,4.96
boned,2.84
boner,2.37
bones,4.42
boney,2.32
bongo,2.44
bongs,0.0
bonie,0.0
bonks,0.0
bonne,2.86
bonny,2.97
bonum,0.0
bonus,4.04
bonza,0.0
bonze,1.7
booai,0.0
booay,0.0
boobs,0.0
booby,2.77
boody,1.79
booed,0.0
boofy,0.0
boogy,0.0
boohs,0.0
books,0.0
booky,1.08
bools,0.0
booms,0.0
boomy,1.16
boong,0.82
boons,0.0
boord,2.16
boors,0.0
boose,1.88
boost,3.78
booth,4.02
boots,4.11
booty,3.25
booze,2.98
boozy,1.93
boppy,0.0
borak,0.0
boral,1.76
boras,1.72
borax,3.22
borde,2.18
bords,0.0
bored,3.79
boree,1.35
borek,0.0
borel,2.81
borer,3.29
bores,0.0
borgo,0.0
boric,3.11
borks,0.0
borms,0.0
borna,0.0
borne,4.39
boron,3.65
borts,0.0
borty,0.0
bortz,0.0
bosey,0.69
bosie,1.71
bosks,0.0
bosky,1.8
bosom,3.88
boson,2.87
bossa,0.0
bossy,2.61
bosun,2.18
botas,0.0
botch,2.09
boteh,0.0
botel,1.54
botes,0.0
botew,0.0
bothy,1.94
botos,0.0
botte,1.78
botts,2.38
botty,0.0
bouge,1.45
bough,3.12
bouks,0.0
boule,2.46
boult,2.28
bound,4.9
bouns,0.0
bourd,1.54
bourg,2.52
bourn,2.4
bouse,2.67
bousy,0.03
bouts,0.0
boutu,0.0
bovid,1.55
bowat,0.04
bowed,3.87
bowel,3.8
bower,3.45
bowes,0.0
bowet,0.0
bowie,3.25
bowls,3.62
bowne,2.41
bowrs,0.0
bowse,1.24
boxed,3.21
boxen,1.04
boxer,3.33
boxes,4.41
boxla,0.0
boxty,0.0
boyar,2.14
boyau,1.01
boyed,0.0
boyey,0.0
boyfs,0.0
boygs,0.0
boyla,0.02
boyly,0.0
boyos,0.0
boysy,0.0
bozos,0.0
braai,0.0
brace,3.74
brach,2.18
brack,2.52
bract,2.64
brads,0.0
braes,0.0
brags,0.0
brahs,0.0
braid,3.27
brail,1.71
brain,4.83
brake,4.1
braks,0.0
braky,0.34
brame,2.05
brand,4.37
brane,2.44
brank,1.4
brans,0.0
brant,3.14
brash,2.81
brass,4.27
brast,1.49
brats,0.0
brava,2.24
brave,4.2
bravi,0.0
bravo,3.19
brawl,2.79
brawn,2.61
braws,0.0
braxy,1.42
brays,1.82
braza,0.0
braze,2.26
bread,4.55
break,4.81
bream,2.77
brede,2.19
breds,0.0
breed,4.1
breem,0.85
breer,1.5
brees,0.0
breid,1.34
breis,0.0
breme,1.39
brens,0.0
brent,3.44
brere,1.11
brers,0.0
breve,2.57
brews,0.0
breys,0.0
briar,2.86
bribe,3.4
brick,4.42
bride,4.08
brief,4.85
brier,2.67
bries,0.0
brigs,2.44
briki,0.0
briks,0.0
brill,3.33
brims,0.0
brine,3.62
bring,5.15
brink,3.55
brins,0.0
briny,2.33
brios,0.0
brise,1.89
brisk,3.52
briss,1.54
brith,1.97
brits,2.44
britt,2.95
brize,1.4
broad,4.9
broch,2.33
brock,3.51
brods,0.0
brogh,0.05
brogs,0.0
broil,2.64
broke,4.54
brome,2.76
bromo,2.81
bronc,2.0
brond,1.42
brood,3.7
brook,4.04
brool,0.64
broom,3.53
broos,0.0
brose,2.07
brosy,0.36
broth,3.61
brown,5.12
brows,0.0
bruck,0.0
brugh,1.91
bruhs,0.0
bruin,2.53
bruit,2.55
bruja,0.0
brujo,0.0
brule,2.54
brume,1.36
brung,1.91
brunt,3.24
brush,4.28
brusk,1.03
brust,1.99
brute,3.58
bruts,0.0
bruvs,0.0
buats,0.0
buaze,0.0
bubal,1.1
bubas,0.0
bubba,0.0
bubbe,0.0
bubby,1.53
bubus,0.0
buchu,1.88
bucko,0.0
bucks,0.0
bucku,0.09
budas,0.0
buddy,3.56
buded,0.0
budes,0.0
budge,3.18
budis,0.0
budos,0.0
buena,0.0
buffa,2.1
buffe,0.0
buffi,0.0
buffo,1.82
buffs,0.0
buffy,2.89
bufos,0.0
bufty,0.0
bugan,0.0
buggy,3.3
bugle,3.03
buhls,0.0
buhrs,0.0
buiks,0.0
build,4.81
built,5.08
buist,2.14
bukes,0.0
bukos,0.0
bulbs,0.0
bulge,3.26
bulgy,1.5
bulks,0.0
bulky,3.47
bulla,2.69
bulls,0.0
bully,3.32
bulse,0.62
bumbo,0.0
bumfs,0.0
bumph,0.68
bumps,0.0
bumpy,2.78
bunas,0.0
bunce,2.55
bunch,3.94
bunco,1.76
bunde,0.0
bundh,0.0
bunds,0.0
bundt,0.0
bundu,0.0
bundy,0.0
bungs,0.0
bungy,1.25
bunia,0.0
bunje,0.0
bunjy,0.0
bunko,1.9
bunks,0.0
bunns,0.0
bunny,3.15
bunts,0.0
bunty,1.98
bunya,1.62
buoys,0.0
buppy,0.0
buran,1.58
buras,0.0
burbs,0.0
burds,0.0
buret,2.31
burfi,0.0
burgh,3.37
burgs,0.0
burin,2.35
burka,1.78
burke,4.05
burks,0.0
burls,0.0
burly,3.0
burns,4.24
burnt,4.07
buroo,0.0
burps,0.0
burqa,1.78
burra,0.0
burro,2.64
burrs,0.0
burry,2.05
bursa,2.97
burse,1.88
burst,4.26
busby,2.82
bused,0.0
buses,0.0
bushy,3.2
busks,0.0
busky,0.64
bussu,0.35
busti,0.0
busts,0.0
busty,1.8
butch,2.98
buteo,2.19
butes,0.0
butle,0.0
butoh,0.0
butte,3.53
butts,0.0
butty,1.69
butut,0.17
butyl,3.32
buxom,2.5
buyer,4.28
buyin,0.0
buzzy,1.95
bwana,2.12
bwazi,0.0
byded,0.0
bydes,0.0
byked,0.0
bykes,0.0
bylaw,2.77
byres,0.0
byrls,0.0
byssi,0.3
bytes,0.0
byway,2.27
caaed,0.0
cabal,2.72
cabas,0.77
cabby,2.08
caber,1.49
cabin,4.15
cable,4.58
cabob,0.32
caboc,0.0
cabre,1.15
cacao,3.13
cacas,0.0
cache,3.62
cacks,0.0
cacky,0.0
cacti,2.78
caddy,2.73
cadee,0.78
cades,0.0
cadet,3.46
cadge,1.66
cadgy,0.0
cadie,1.28
cadis,1.63
cadre,3.25
caeca,2.32
caese,0.0
cafes,0.0
caffe,1.96
caffs,0.0
caged,3.01
cager,1.43
cages,0.0
cagey,2.07
cagot,0.97
cahow,1.15
caids,0.0
cains,0.0
caird,2.56
cairn,2.94
cajon,0.0
cajun,2.67
caked,2.67
cakes,0.0
cakey,0.0
calfs,1.29
calid,0.9
calif,3.6
calix,2.12
calks,0.0
calla,2.47
calle,3.18
calls,0.0
calms,0.0
calmy,1.05
calos,0.0
calpa,0.0
calps,0.0
calve,2.29
calyx,3.54
caman,0.94
camas,2.44
camel,3.61
cameo,2.86
cames,0.0
camis,1.4
camos,0.0
campi,0.0
campo,0.0
camps,0.0
campy,1.99
camus,3.01
canal,4.67
cando,1.79
candy,3.86
caned,2.09
caneh,0.0
caner,1.86
canes,3.32
cangs,0.0
canid,1.68
canna,2.65
canns,0.0
canny,2.76
canoe,3.75
canon,4.07
canso,0.0
canst,0.0
canti,0.0
canto,3.23
cants,0.0
canty,2.23
capas,0.0
capax,1.63
caped,1.89
caper,2.67
capes,2.94
capex,0.0
caphs,0.0
capiz,2.03
caple,1.63
capon,2.55
capos,0.0
capot,1.24
capri,2.77
capul,0.0
caput,2.83
carap,0.39
carat,2.71
carbo,0.0
carbs,0.0
carby,0.0
cardi,0.0
cards,4.52
cardy,1.83
cared,4.06
carer,2.68
cares,0.0
caret,2.3
carex,2.74
cargo,4.39
carks,0.0
carle,2.63
carls,0.0
carne,2.66
carns,0.0
carny,1.53
carob,2.32
carol,3.94
carom,1.68
caron,0.0
carpe,0.0
carpi,2.61
carps,2.19
carrs,0.0
carry,5.01
carse,2.21
carta,0.0
carte,3.18
carts,0.0
carve,3.21
carvy,0.05
casas,0.0
casco,2.53
cased,2.92
caser,0.0
cases,0.0
casks,0.0
casky,0.0
caste,3.97
casts,0.0
casus,2.45
catch,4.53
cater,3.34
cates,2.85
catty,2.29
cauda,2.63
cauks,0.0
cauld,2.03
caulk,2.3
cauls,0.0
caums,0.0
caups,0.0
cauri,0.0
causa,3.11
cause,5.37
cavas,0.0
caved,2.74
cavel,1.11
caver,1.65
caves,0.0
cavie,0.0
cavil,2.64
cavus,0.0
cawed,1.76
cawks,0.0
caxon,1.2
cease,4.31
ceaze,0.0
cebid,0.0
cecal,2.33
cecum,2.74
cedar,4.01
ceded,3.47
ceder,0.0
cedes,0.0
cedis,0.0
ceiba,2.23
ceili,0.0
ceils,0.0
celeb,1.7
cella,2.54
celli,2.01
cello,3.19
cells,0.0
celly,0.0
celom,0.86
celts,0.0
cense,2.13
cento,2.61
cents,0.0
centu,0.0
ceorl,1.58
cepes,0.0
cerci,2.32
cered,0.93
ceres,3.01
cerge,0.69
ceria,2.06
ceric,2.01
cerne,1.94
ceroc,0.0
ceros,0.0
certs,2.11
certy,0.65
cesse,1.77
cesta,0.0
cesti,0.0
cetes,0.0
cetyl,2.09
cezve,0.0
chaap,0.0
chaat,0.0
chace,2.76
chack,1.35
chaco,2.87
chado,0.0
chads,0.0
chafe,2.65
chaff,3.25
chaft,0.0
chain,4.71
chair,4.79
chais,1.28
chalk,3.85
chals,0.0
champ,3.05
chams,0.0
chana,0.0
chang,3.81
chank,1.58
chant,3.5
chaos,4.01
chape,1.85
chaps,3.3
chapt,0.0
chara,2.49
chard,2.81
chare,1.78
chark,1.23
charm,4.1
charr,2.04
chars,0.0
chart,4.48
chary,2.5
chase,4.24
chasm,3.24
chats,0.0
chava,0.0
chave,1.91
chavs,0.0
chawk,0.0
chawl,1.48
chaws,0.0
chaya,1.9
chays,0.0
cheap,4.28
cheat,3.46
cheba,0.0
check,4.9
chedi,0.0
cheeb,0.0
cheek,4.13
cheep,1.84
cheer,3.76
cheet,1.0
chefs,0.0
cheka,2.17
chela,2.4
chelp,0.19
chemo,0.0
chems,0.0
chere,2.25
chert,3.4
chess,3.68
chest,4.55
cheth,0.0
chevy,3.07
chews,0.0
chewy,2.32
chiao,0.0
chias,0.0
chiba,0.0
chibs,0.0
chica,2.46
chich,1.68
chick,3.67
chico,3.11
chics,0.0
chide,2.63
chief,5.24
chiel,0.0
chiko,0.0
chiks,0.0
child,5.4
chile,4.12
chili,3.42
chill,3.81
chimb,0.47
chime,2.93
chimo,0.0
chimp,2.34
china,5.06
chine,2.95
ching,0.0
chink,2.74
chino,2.72
chins,0.0
chips,3.91
chirk,1.91
chirl,0.0
chirm,0.87
chiro,1.71
chirp,2.75
chirr,1.06
chirt,0.44
chiru,1.27
chiti,0.0
chits,0.0
chiva,0.0
chive,1.89
chivs,0.0
chivy,0.89
chizz,0.02
chock,2.64
choco,0.0
chocs,0.0
chode,0.88
chogs,0.0
choil,0.0
choir,3.86
choke,3.41
choko,0.0
choky,1.16
chola,0.0
choli,1.33
cholo,1.86
chomp,1.77
chons,0.0
choof,0.0
chook,0.0
choom,0.85
choon,0.0
chops,3.16
chord,3.74
chore,3.01
chose,4.35
choss,0.93
chota,2.36
chott,1.36
chout,1.19
choux,1.73
chowk,0.0
chows,0.0
chubs,0.0
chuck,3.66
chufa,1.23
chuff,1.66
chugs,0.0
chump,2.16
chums,0.0
chunk,3.28
churl,2.25
churn,3.09
churr,1.2
chuse,2.73
chute,3.42
chuts,0.0
chyle,2.43
chyme,2.25
chynd,0.0
cibol,0.07
cided,0.0
cider,3.41
cides,0.0
ciels,0.0
cigar,3.74
ciggy,0.73
cilia,3.23
cills,0.0
cimar,0.66
cimex,1.8
cinch,2.56
cinct,1.21
cines,0.0
cinqs,0.0
cions,0.0
cippi,1.27
circa,3.47
circs,1.17
cires,0.0
cirls,0.0
cirri,2.6
cisco,3.16
cissy,2.4
cists,0.0
cital,1.07
cited,4.69
citee,1.68
citer,1.37
cites,0.0
cives,0.0
civet,2.3
civic,4.17
civie,0.0
civil,5.19
civvy,1.35
clach,0.0
clack,2.63
clade,2.54
clads,0.0
claes,2.47
clags,0.0
claim,5.16
clair,3.63
clame,1.31
clamp,3.65
clams,3.24
clang,2.81
clank,2.42
clans,3.43
claps,2.57
clapt,1.71
claro,2.28
clart,0.85
clary,2.69
clash,3.64
clasp,3.35
class,5.44
clast,2.36
clats,0.0
claut,0.4
clave,2.25
clavi,0.0
claws,0.0
clays,0.0
clean,4.74
clear,5.3
cleat,2.53
cleck,0.6
cleek,1.96
cleep,0.0
clefs,0.0
cleft,3.6
clegs,0.0
cleik,1.09
clems,0.0
clepe,1.33
clept,0.0
clerk,4.86
cleve,2.89
clews,2.25
click,4.36
clied,0.0
clies,0.0
cliff,3.98
clift,2.59
climb,4.05
clime,2.92
cline,3.17
cling,3.54
clink,2.66
clint,3.07
clipe,0.15
clips,0.0
clipt,1.51
clits,0.0
cloak,3.79
cloam,0.42
clock,4.33
clods,0.0
cloff,0.33
clogs,0.0
cloke,2.19
clomb,1.6
clomp,1.46
clone,3.37
clonk,1.08
clons,0.0
cloop,0.48
cloot,0.86
clops,0.0
close,5.28
clote,1.0
cloth,4.58
clots,0.0
cloud,4.41
clour,0.85
clous,0.0
clout,3.04
clove,3.1
clown,3.38
clows,0.0
cloye,0.0
cloys,1.47
cloze,2.3
clubs,0.0
cluck,2.28
clued,0.0
clues,0.0
cluey,0.0
clump,3.2
clung,3.62
clunk,2.18
clype,0.21
cnida,0.41
coach,4.22
coact,1.75
coady,0.0
coala,0.0
coals,0.0
coaly,2.11
coapt,0.92
coarb,0.0
coast,4.96
coate,2.19
coati,1.66
coats,0.0
cobbs,0.0
cobby,1.63
cobia,1.62
coble,2.57
cobot,0.0
cobra,3.18
cobza,0.0
cocas,0.0
cocci,2.74
cocco,1.76
cocks,3.35
cocky,2.75
cocoa,3.78
cocos,2.59
cocus,1.27
codas,0.0
codec,0.0
coded,0.0
coden,0.0
coder,2.71
codes,4.32
codex,3.36
codon,2.89
coeds,0.0
coffs,0.0
cogie,0.49
cogon,1.65
cogue,0.37
cohab,0.0
cohen,0.0
cohoe,1.5
cohog,0.0
cohos,0.0
coifs,0.0
coign,1.7
coils,0.0
coins,0.0
coirs,0.0
coits,0.0
coked,2.09
cokes,2.56
cokey,1.2
colas,0.0
colby,0.0
colds,0.0
coled,0.0
coles,0.0
coley,2.51
colic,3.19
colin,3.78
colle,2.59
colls,0.0
colly,1.93
colog,0.0
colon,3.91
color,4.99
colts,0.0
colza,2.19
comae,0.0
comal,2.08
comas,0.0
combe,2.91
combi,0.0
combo,2.81
combs,3.46
comby,1.49
comer,3.35
comes,5.06
comet,3.62
comfy,2.49
comic,3.96
comix,1.7
comma,3.45
comme,3.19
commo,2.08
comms,0.0
commy,1.27
compo,2.55
comps,0.0
compt,2.93
comte,3.47
comus,2.61
conch,3.01
condo,2.92
coned,2.15
cones,3.67
conex,1.48
coney,2.99
confs,0.0
conga,2.06
conge,1.75
congo,3.86
conia,1.47
conic,3.12
conin,0.0
conks,0.0
conky,0.0
conne,2.17
conns,0.0
conte,3.15
conto,2.09
conus,2.81
convo,0.0
cooch,2.21
cooed,2.47
cooee,1.2
cooer,0.25
cooey,1.16
coofs,0.0
cooks,0.0
cooky,1.95
cools,0.0
cooly,2.11
coomb,1.67
cooms,0.0
coomy,0.45
coons,0.0
coops,0.0
coopt,1.64
coost,1.22
coots,2.41
cooty,0.64
cooze,0.74
copal,2.52
copay,0.0
coped,2.7
copen,1.66
coper,1.81
copes,0.0
copha,0.0
coppy,2.03
copra,3.1
copse,2.75
copsy,0.59
coqui,0.0
coral,3.9
coram,2.89
corbe,0.9
corby,2.53
corda,0.0
cords,3.72
cored,2.95
corer,2.13
cores,0.0
corey,3.19
corgi,2.03
coria,0.0
corks,2.76
corky,2.59
corms,2.49
corni,0.0
corno,0.0
corns,0.0
cornu,2.56
corny,2.59
corps,4.66
corse,2.66
corso,2.84
cosec,1.5
cosed,0.0
coses,0.0
coset,0.0
cosey,1.76
cosie,0.79
costa,4.05
coste,2.43
costs,5.28
cotan,1.12
cotch,1.53
coted,0.0
cotes,0.0
coths,0.0
cotta,3.23
cotts,0.0
couch,3.92
coude,2.04
cough,3.88
could,6.04
count,4.76
coupe,2.95
coups,0.0
courb,0.43
courd,0.42
coure,1.26
cours,2.94
court,5.79
couta,0.66
couth,1.74
coved,1.79
coven,2.6
cover,5.03
coves,0.0
covet,2.87
covey,2.81
covin,1.91
cowal,0.0
cowan,3.36
cowed,2.69
cower,2.47
cowks,0.0
cowls,0.0
cowps,0.0
cowry,1.81
coxae,0.0
coxal,2.36
coxed,0.95
coxes,0.0
coxib,0.0
coyau,0.0
coyed,0.19
coyer,0.0
coyly,2.39
coypu,1.46
cozed,0.0
cozen,2.1
cozes,0.0
cozey,0.05
cozie,0.81
craal,0.47
crabs,3.41
crack,4.24
craft,4.3
crags,0.0
craic,0.0
craig,4.0
crake,2.12
crame,1.57
cramp,3.05
crams,0.0
crane,4.07
crank,3.71
crans,0.0
crape,2.56
craps,2.31
crapy,0.55
crare,0.58
crash,3.98
crass,2.77
crate,3.26
crave,3.19
crawl,3.52
craws,0.0
crays,0.0
craze,3.02
crazy,4.1
creak,2.83
cream,4.44
credo,2.94
creds,0.0
creed,3.93
creek,4.72
creel,2.85
creep,3.9
crees,2.23
crein,0.0
crema,0.0
creme,2.62
crems,0.38
crena,0.0
crepe,2.9
creps,0.0
crept,3.7
crepy,0.0
cress,2.82
crest,3.98
crewe,0.0
crews,0.0
crias,0.0
cribo,0.09
cribs,0.0
crick,2.89
cried,4.46
crier,2.69
cries,3.98
crime,4.82
crimp,2.71
crims,0.0
crine,1.54
crink,0.61
crins,0.0
crios,0.0
cripe,0.0
crips,1.89
crise,2.24
crisp,3.68
criss,2.76
crith,0.96
crits,0.0
croak,2.61
croci,0.0
crock,2.66
crocs,0.0
croft,3.23
crogs,0.0
cromb,1.04
crome,2.16
crone,2.74
cronk,2.11
crons,0.0
crony,2.34
crook,3.45
crool,0.92
croon,2.13
crops,0.0
crore,3.29
cross,5.16
crost,1.94
croup,3.05
crout,1.85
crowd,4.46
crowl,1.86
crown,4.72
crows,3.31
croze,1.67
cruck,0.0
crude,4.42
crudo,0.0
cruds,0.0
crudy,0.47
cruel,4.16
crues,0.0
cruet,1.97
cruft,1.82
crumb,2.96
crump,2.85
crunk,1.32
cruor,1.19
crura,2.31
cruse,2.56
crush,3.74
crust,3.91
crusy,0.0
cruve,0.27
crwth,0.0
cryer,2.31
cryne,0.42
crypt,3.12
ctene,0.01
cubby,2.2
cubeb,1.5
cubed,2.54
cuber,0.0
cubes,0.0
cubic,4.36
cubit,2.64
cucks,0.0
cudda,0.0
cuddy,2.35
cueca,1.02
cuffo,0.0
cuffs,0.0
cuifs,0.0
cuing,0.0
cuish,0.21
cuits,0.0
cukes,0.0
culch,0.87
culet,0.0
culex,2.71
culls,2.53
cully,2.17
culms,0.0
culpa,2.45
culti,0.0
cults,0.0
culty,0.0
cumec,0.0
cumin,2.87
cundy,1.83
cunei,0.0
cunit,0.0
cunny,1.45
cunts,0.0
cupel,1.92
cupid,3.2
cuppa,1.93
cuppy,1.59
cupro,2.05
curat,1.92
curbs,0.0
curch,0.94
curds,0.0
curdy,1.93
cured,4.04
curer,1.98
cures,0.0
curet,1.83
curfs,0.0
curia,2.95
curie,3.22
curio,2.59
curli,0.0
curls,0.0
curly,3.42
curns,0.0
curny,0.0
currs,0.0
curry,3.6
curse,3.95
cursi,0.0
curst,2.2
curve,4.71
curvy,2.29
cusec,1.51
cushy,2.07
cusks,0.0
cusps,0.0
cuspy,0.0
cusso,0.69
cusum,0.0
cutch,2.37
cuter,0.0
cutes,0.0
cutey,0.0
cutie,0.0
cutin,1.81
cutis,2.52
cutto,0.0
cutty,2.12
cutup,1.24
cuvee,0.0
cuzes,0.0
cwtch,0.0
cyano,2.43
cyans,0.0
cyber,0.0
cycad,1.92
cycas,1.95
cycle,4.73
cyclo,2.46
cyder,2.09
cylix,1.23
cymae,0.0
cymar,0.6
cymas,0.0
cymes,0.0
cymol,0.84
cynic,2.86
cysts,0.0
cytes,0.0
cyton,0.0
czars,0.0
daals,0.0
dabba,0.0
daces,0.0
dacha,2.11
dacks,0.0
dadah,0.0
dadas,0.0
daddy,3.86
dadis,0.0
dadla,0.0
dados,0.0
daffs,0.0
daffy,2.14
dagga,1.75
daggy,1.46
dagos,1.31
dahis,0.0
dahls,0.0
daiko,0.0
daily,5.05
daine,1.63
daint,0.73
dairy,4.43
daisy,3.64
daker,1.26
daled,0.0
dalek,1.43
dales,0.0
dalis,0.0
dalle,0.0
dally,3.04
dalts,0.0
daman,2.46
damar,2.0
dames,3.09
damme,2.32
damna,0.0
damns,0.0
damps,0.0
dampy,0.22
dance,4.56
dancy,2.25
danda,0.0
dandy,3.14
dangs,0.0
danio,0.0
danks,0.0
danny,0.0
danse,2.46
dants,0.0
dappy,0.0
daraf,0.01
darbs,0.0
darcy,3.32
dared,3.89
darer,0.76
dares,0.0
darga,0.0
dargs,0.0
daric,1.44
daris,0.0
darks,0.0
darky,2.1
darls,0.0
darns,0.0
darre,1.47
darts,3.19
darzi,0.0
dashi,1.72
dashy,0.54
datal,2.19
dated,4.76
dater,1.87
dates,0.0
datil,0.0
datos,0.0
datto,0.0
datum,3.51
daube,1.94
daubs,0.0
dauby,1.2
dauds,0.0
dault,0.86
daunt,2.43
daurs,0.0
dauts,0.0
daven,0.0
davit,2.38
dawah,1.18
dawds,0.0
dawed,0.0
dawen,0.54
dawgs,0.0
dawks,0.0
dawns,0.0
dawts,0.0
dayal,0.0
dayan,2.62
daych,0.0
daynt,0.0
dazed,3.22
dazer,0.0
dazes,0.0
dbags,0.0
deads,1.46
deair,0.0
deals,0.0
dealt,4.46
deans,0.0
deare,2.54
dearn,1.13
dears,0.0
deary,2.1
deash,0.0
death,5.42
deave,0.77
deaws,0.0
deawy,0.0
debag,0.07
debar,2.6
debby,2.33
debel,0.95
debes,0.0
debit,3.58
debts,0.0
debud,0.0
debug,2.87
debur,0.0
debus,1.95
debut,3.48
debye,2.94
decad,1.79
decaf,1.91
decal,2.38
decan,1.74
decay,4.3
decim,0.0
decko,0.0
decks,0.0
decor,3.19
decos,0.0
decoy,2.88
decry,2.66
decyl,1.7
dedal,0.7
deeds,4.31
deedy,1.19
deely,0.0
deems,0.0
deens,0.0
deeps,0.0
deere,3.01
deers,0.0
deets,0.0
deeve,0.33
deevs,0.0
defat,0.79
defer,3.58
deffo,0.0
defis,0.0
defog,0.72
degas,2.76
degum,0.35
degus,0.0
deice,1.0
deids,0.0
deify,2.0
deign,2.73
deils,0.0
deink,0.0
deism,2.63
deist,2.41
deity,3.88
deked,0.0
dekes,0.0
dekko,1.18
delay,4.68
deled,1.05
deles,0.0
delfs,0.0
delft,3.07
delis,0.0
della,3.74
dells,0.0
delly,1.55
delos,0.0
delph,1.93
delta,4.23
delts,1.49
delve,2.95
deman,0.0
demes,0.0
demic,2.0
demit,1.51
demob,1.34
demoi,0.0
demon,3.75
demos,2.88
demot,0.71
dempt,0.43
demur,2.83
denar,1.46
denay,0.9
dench,0.0
denes,0.0
denet,0.66
denim,2.92
denis,0.0
dense,4.25
dente,2.19
dents,0.0
deoch,0.0
deoxy,2.57
depot,3.96
depth,4.86
derat,0.0
deray,1.14
derby,3.79
dered,0.0
deres,0.0
derig,0.0
derma,2.05
derms,0.0
derns,0.0
derny,0.0
deros,0.0
derpy,0.0
derro,0.0
derry,0.0
derth,0.89
dervs,0.0
desex,0.27
deshi,0.0
desis,0.0
desks,0.0
desse,1.4
detag,0.0
deter,3.68
detox,2.38
deuce,2.85
devas,0.0
devel,3.2
devil,4.3
devis,0.0
devon,3.69
devos,0.0
devot,1.38
dewan,2.64
dewar,3.02
dewax,0.0
dewed,1.42
dexes,0.0
dexie,0.58
dexys,0.0
dhaba,0.0
dhaks,0.0
dhals,0.0
dhikr,0.0
dhobi,1.79
dhole,1.42
dholl,0.84
dhols,0.0
dhoni,0.0
dhoti,2.09
dhows,0.0
dhuti,0.0
diact,0.0
dials,0.0
diana,3.8
diane,0.0
diary,4.13
diazo,2.7
dibbs,0.0
diced,3.1
dicer,1.84
dices,0.0
dicey,2.68
dicht,0.0
dicks,0.0
dicky,2.57
dicot,1.83
dicta,3.06
dicto,0.0
dicts,0.0
dictu,0.0
dicty,1.09
diddy,0.0
didie,0.0
didis,0.0
didos,0.86
didst,3.37
diebs,0.0
diels,0.0
diene,0.0
diets,0.0
diffs,0.0
dight,2.17
digit,3.81
dikas,0.0
diked,2.07
diker,0.89
dikes,0.0
dikey,0.12
dildo,2.32
dilli,0.0
dills,2.52
dilly,2.48
dimbo,0.0
dimer,3.11
dimes,0.0
dimly,3.4
dimps,0.0
dinar,2.55
dined,3.48
diner,3.14
dines,0.0
dinge,1.98
dingo,2.37
dings,0.0
dingy,3.12
dinic,0.89
dinks,0.0
dinky,2.2
dinlo,0.0
dinna,2.5
dinos,0.0
dints,0.0
dioch,0.44
diode,3.63
diols,0.0
diota,0.72
dippy,1.68
dipso,0.65
diram,0.0
direr,1.43
dirge,2.74
dirke,0.95
dirks,0.0
dirls,0.0
dirts,0.0
dirty,4.16
disas,0.0
disci,2.17
disco,3.04
discs,0.0
dishy,1.35
disks,0.0
disme,1.08
dital,0.47
ditas,0.0
ditch,3.95
dited,0.0
dites,0.0
ditsy,0.93
ditto,3.85
ditts,0.0
ditty,2.62
ditzy,0.0
divan,2.87
divas,0.0
dived,3.04
diver,3.3
dives,3.09
divey,0.0
divis,0.0
divna,0.0
divos,0.0
divot,1.71
divvy,1.65
diwan,2.59
dixie,3.35
dixit,2.68
diyas,0.0
dizen,0.96
dizzy,3.35
djinn,2.1
djins,0.0
doabs,0.0
doats,0.0
dobby,1.94
dobes,0.0
dobie,2.48
dobla,0.0
doble,2.21
dobra,1.53
dobro,0.0
docht,0.41
docks,0.0
docos,0.0
docus,0.0
doddy,1.29
dodge,3.86
dodgy,2.24
dodos,0.0
doeks,0.0
doers,0.0
doest,2.48
doeth,0.0
doffs,0.0
dogal,0.65
dogan,0.0
doges,0.0
dogey,0.0
doggo,1.26
doggy,2.31
dogie,1.11
dogly,0.0
dogma,3.52
dohyo,0.0
doilt,0.0
doily,2.08
doing,5.18
doits,0.0
dojos,0.0
dolce,2.57
dolci,0.0
doled,2.4
dolee,0.0
doles,0.0
doley,0.0
dolia,0.0
dolie,0.38
dolls,0.0
dolly,3.43
dolma,1.53
dolor,2.43
dolos,0.0
dolts,0.0
domal,1.8
domed,2.98
domes,0.0
domic,1.09
donah,0.79
donas,0.0
donee,3.19
doner,2.01
donga,0.0
dongs,0.0
donko,0.0
donna,3.66
donne,3.35
donny,0.0
donor,4.1
donsy,0.08
donut,2.54
doobs,0.0
dooce,0.0
doody,0.0
doofs,0.0
dooks,0.0
dooky,0.0
doole,1.26
dools,0.0
dooly,1.96
dooms,2.32
doomy,0.74
doona,1.66
doorn,0.0
doors,4.53
doozy,1.52
dopas,0.0
doped,3.48
doper,1.29
dopes,0.0
dopey,2.1
doppe,0.0
dorad,0.0
dorba,0.0
dorbs,0.0
doree,1.71
dores,1.87
doric,2.99
doris,3.52
dorje,2.03
dorks,0.0
dorky,1.59
dorms,0.0
dormy,1.07
dorps,0.0
dorrs,0.0
dorsa,0.0
dorse,1.82
dorts,0.0
dorty,0.53
dosai,0.0
dosas,0.0
dosed,2.73
doseh,0.0
doser,1.46
doses,0.0
dosha,0.0
dotal,1.66
doted,2.34
doter,0.87
dotes,0.0
dotty,2.42
douar,1.35
doubt,5.06
douce,2.57
doucs,0.0
dough,3.71
douks,0.0
doula,1.77
douma,1.72
doums,0.0
doups,0.0
doura,1.32
douse,2.25
douts,0.0
doved,0.0
doven,0.0
dover,3.83
doves,0.0
dovie,1.66
dowak,0.0
dowar,0.8
dowds,0.0
dowdy,2.64
dowed,1.38
dowel,2.82
dower,3.53
dowfs,0.0
dowie,2.2
dowle,1.24
dowls,0.0
dowly,0.5
downa,0.0
downs,3.74
downy,3.13
dowps,0.0
dowry,3.28
dowse,2.17
dowts,0.0
doxed,0.0
doxes,0.0
doxie,0.0
doyen,2.41
doyly,1.08
dozed,2.82
dozen,4.43
dozer,2.45
dozes,0.0
drabs,0.0
drack,0.98
draco,2.46
draff,1.45
draft,4.64
drags,0.0
drail,0.67
drain,4.2
drake,3.84
drama,4.4
drams,0.0
drank,3.93
drant,1.31
drape,2.79
draps,0.0
drapy,0.0
drats,0.0
drave,2.15
drawl,2.64
drawn,4.93
draws,0.0
drays,0.0
dread,3.92
dream,4.6
drear,2.54
dreck,1.45
dreed,1.06
dreer,0.0
drees,0.0
dregs,2.9
dreks,0.0
drent,1.39
drere,0.25
dress,4.55
drest,2.42
dreys,0.0
dribs,0.0
drice,0.0
dried,4.43
drier,3.4
dries,0.0
drift,4.2
drill,4.23
drily,2.66
drink,4.6
drips,0.0
dript,0.31
drive,4.86
drock,0.69
droid,0.0
droil,0.48
droit,3.27
droke,1.12
drole,0.0
droll,2.82
drome,2.09
drone,3.16
drony,0.35
droob,0.0
droog,1.41
drook,0.64
drool,2.38
droop,2.94
drops,0.0
dropt,2.5
dross,2.9
drouk,0.0
drove,4.35
drown,3.39
drows,0.0
drubs,0.0
drugs,0.0
druid,2.8
drums,0.0
drunk,4.09
drupe,2.3
druse,2.1
drusy,1.82
druxy,0.0
dryad,2.19
dryas,2.29
dryer,3.41
dryly,2.97
dsobo,0.0
dsomo,0.0
duads,0.0
duals,0.0
duans,0.0
duars,0.0
dubbo,0.0
dubby,0.86
ducal,2.93
ducat,2.32
duces,0.0
duchy,3.39
ducks,0.0
ducky,2.07
ducti,0.0
ducts,0.0
duddy,1.96
duded,0.0
dudes,0.0
duels,0.0
duets,0.0
duett,1.52
duffs,0.0
dufus,0.72
duing,0.0
duits,0.0
dukas,1.94
duked,0.0
dukes,0.0
dukka,0.0
dukun,0.0
dulce,2.58
dules,0.0
dulia,1.17
dulls,0.0
dully,2.66
dulse,1.69
dumas,3.24
dumbo,0.0
dumbs,0.0
dumka,0.0
dumky,0.0
dummy,3.55
dumps,3.21
dumpy,2.31
dunam,1.53
dunce,2.48
dunch,1.32
dunes,0.0
dungs,0.0
dungy,1.45
dunks,0.0
dunno,2.77
dunny,1.56
dunsh,0.0
dunts,0.0
duomi,0.0
duomo,2.63
duped,2.8
duper,1.72
dupes,0.0
duple,2.18
duply,0.48
duppy,1.33
dural,2.71
duras,0.0
dured,0.0
dures,0.0
durgy,0.0
durns,0.0
duroc,2.56
duros,0.0
duroy,0.0
durra,1.82
durrs,0.0
durry,1.16
durst,3.09
durum,2.88
durzi,0.0
dusks,0.0
dusky,3.44
dusts,0.0
dusty,3.69
dutch,4.5
duvet,2.37
duxes,0.0
dwaal,0.0
dwale,0.87
dwalm,0.0
dwams,0.0
dwamy,0.0
dwang,0.3
dwarf,3.73
dwaum,0.0
dweeb,1.28
dwell,4.0
dwelt,3.7
dwile,0.0
dwine,0.6
dyads,0.0
dyers,0.0
dying,4.39
dyked,1.36
dykes,0.0
dykey,0.0
dykon,0.0
dynel,1.54
dynes,0.0
dynos,0.0
dzhos,0.0
eager,4.19
eagle,4.14
eagly,1.98
eagre,1.07
ealed,0.0
eales,0.0
eaned,0.0
eards,0.0
eared,2.96
earls,0.0
early,5.49
earns,0.0
earnt,0.0
earst,1.41
earth,5.15
eased,3.6
easel,2.97
easer,1.18
eases,0.0
easle,0.0
easts,0.0
eaten,4.11
eater,3.13
eathe,0.51
eatin,2.2
eaved,0.0
eaver,1.36
eaves,3.2
ebank,0.0
ebbed,2.63
ebbet,0.0
ebena,0.0
ebene,1.55
ebike,0.0
ebons,0.0
ebony,3.2
ebook,0.0
ecads,0.0
ecard,0.0
ecash,0.0
eched,0.0
eches,0.0
echos,0.0
ecigs,0.0
eclat,2.22
ecole,0.0
ecrus,0.0
edema,3.74
edged,3.71
edger,2.29
edges,0.0
edict,3.47
edify,2.37
edile,1.07
edits,0.0
educe,1.91
educt,1.61
eejit,1.33
eensy,0.0
eerie,3.15
eeven,0.0
eever,0.77
eevns,0.0
effed,0.0
effer,1.51
efits,0.0
egads,0.0
egers,0.0
egest,0.4
eggar,1.8
egged,2.29
egger,2.41
egmas,0.0
egret,2.52
ehing,0.0
eider,2.5
eidos,2.08
eight,5.09
eigne,1.26
eiked,0.0
eikon,1.88
eilds,0.0
eiron,0.0
eisel,1.35
eject,2.96
ejido,2.26
ekdam,0.0
eking,2.16
ekkas,0.0
elain,1.45
eland,2.54
elans,0.0
elate,2.24
elbow,3.93
elchi,0.0
elder,4.23
eldin,0.0
elect,4.23
eleet,0.0
elegy,3.14
elemi,1.64
elfed,0.0
elfin,2.51
eliad,0.32
elide,2.0
elint,1.62
elite,4.09
elmen,1.15
eloge,1.83
elogy,0.68
eloin,0.85
elope,2.32
elops,1.27
elpee,0.0
elsin,0.89
elude,3.05
elute,2.24
elvan,1.56
elven,2.27
elver,1.74
elves,3.0
emacs,0.0
email,4.05
embar,1.82
embay,1.03
embed,2.84
ember,2.9
embog,0.0
embow,0.0
embox,0.0
embus,0.35
emcee,2.07
emeer,1.14
emend,2.32
emerg,0.0
emery,3.6
emeus,0.0
emics,0.0
emirs,0.0
emits,0.0
emmas,0.0
emmer,2.36
emmet,3.02
emmew,0.04
emmys,0.0
emoji,0.0
emong,1.36
emote,1.67
emove,1.1
empts,0.0
empty,4.58
emule,0.46
emure,0.41
emyde,0.0
emyds,0.0
enact,3.9
enarm,0.0
enate,1.82
ended,4.7
ender,2.46
endew,0.17
endow,3.08
endue,1.81
enema,2.98
enemy,4.82
enews,0.0
enfix,0.0
eniac,0.0
enjoy,4.6
enlit,0.0
enmew,0.0
ennog,0.0
ennui,2.75
enoki,0.0
enols,0.0
enorm,1.09
enows,0.0
enrol,2.71
ensew,0.0
ensky,0.2
ensue,3.4
enter,4.94
entia,0.0
entre,3.23
entry,4.84
enure,2.28
enurn,0.0
envoi,1.98
envoy,3.51
enzym,0.0
eolid,0.0
eorls,0.0
eosin,2.9
epact,1.91
epees,0.0
epena,0.0
epene,0.0
ephah,2.11
ephas,0.0
ephod,2.37
ephor,1.36
epics,0.0
epoch,3.82
epode,1.86
epopt,0.36
epoxy,3.51
eppie,0.0
epris,0.0
equal,5.17
eques,1.87
equid,1.47
equip,3.74
erase,3.35
erbia,0.0
erect,4.15
erevs,0.0
ergon,1.99
ergos,0.0
ergot,2.94
erhus,0.0
erica,3.12
erick,0.0
erics,0.0
ering,2.51
erned,0.0
ernes,0.0
erode,3.07
erose,1.8
erred,3.8
error,5.0
erses,0.0
eruct,0.46
erugo,0.0
erupt,2.87
eruvs,0.0
erven,1.89
ervil,0.0
escar,0.0
escot,1.45
esile,0.31
eskar,0.52
esker,2.23
esnes,0.0
esrog,0.0
essay,4.41
esses,0.0
ester,3.68
estoc,0.92
estop,2.64
estro,1.51
etage,0.0
etape,1.36
etats,0.0
etens,0.0
ethal,1.09
ether,4.12
ethic,3.54
ethne,0.0
ethos,3.41
ethyl,3.8
etics,0.0
etnas,0.0
etrog,1.38
ettin,1.29
ettle,1.23
etude,3.08
etuis,0.0
etwee,0.3
etyma,1.23
eughs,0.0
euked,0.0
eupad,0.0
euros,0.0
eusol,0.0
evade,3.51
evegs,0.0
evens,2.37
event,4.98
evert,2.61
every,5.72
evets,0.0
evhoe,0.0
evict,2.6
evils,0.0
evite,1.01
evohe,0.0
evoke,3.45
ewers,0.0
ewest,0.89
ewhow,0.0
ewked,0.0
exact,4.61
exalt,3.1
exams,0.0
excel,3.73
exeat,2.0
execs,0.0
exeem,0.0
exeme,0.03
exert,3.93
exfil,0.0
exier,0.0
exies,0.18
exile,4.01
exine,0.0
exing,0.0
exist,4.89
exite,0.95
exits,0.0
exode,1.42
exome,0.0
exons,0.0
expat,1.99
expel,3.36
expos,0.0
extol,2.72
extra,4.74
exude,2.53
exuls,0.0
exult,2.58
exurb,0.0
eyass,0.0
eyers,0.0
eying,0.0
eyots,0.0
eyras,0.0
eyres,0.0
eyrie,2.28
eyrir,0.29
ezine,1.2
fabbo,0.0
fabby,0.0
fable,3.49
faced,4.52
facer,1.92
faces,0.0
facet,3.46
facey,0.0
facia,2.03
facie,0.0
facta,2.64
facto,3.75
facts,0.0
facty,0.36
faddy,1.35
faded,3.89
fader,2.55
fades,0.0
fadge,1.17
fados,0.0
faena,0.0
faery,2.53
faffs,0.0
faffy,0.0
faggy,0.85
fagin,2.44
fagot,2.11
faiks,0.0
fails,0.0
faine,2.07
fains,0.0
faint,4.15
faire,0.0
fairs,0.0
fairy,3.93
faith,5.01
faked,0.0
faker,1.96
fakes,2.54
fakey,0.0
fakie,0.0
fakir,2.39
falaj,0.0
fales,0.0
falls,4.72
false,4.76
falsy,0.25
famed,3.45
fames,0.0
fanal,1.24
fancy,4.31
fands,0.0
fanes,0.0
fanga,0.0
fango,1.22
fangs,0.0
fanks,0.0
fanny,3.66
fanon,2.81
fanos,0.0
fanum,0.0
faqir,1.87
farad,2.11
farce,3.41
farci,0.0
farcy,2.02
fards,0.0
fared,3.25
farer,1.76
fares,0.0
farle,0.0
farls,0.0
farms,0.0
faros,0.0
farro,1.66
farse,0.65
farts,0.0
fasci,1.73
fasti,2.62
fasts,2.81
fatal,4.34
fated,3.27
fates,0.0
fatly,1.45
fatso,1.73
fatty,4.09
fatwa,2.28
fauch,0.22
faugh,1.75
fauld,1.21
fault,4.59
fauna,3.93
fauns,0.0
faurd,0.28
faute,2.04
fauts,0.0
fauve,1.77
favas,1.05
favel,1.31
faver,0.0
faves,0.0
favor,4.77
favus,2.03
fawns,0.0
fawny,0.56
faxed,2.51
faxes,0.0
fayed,1.78
fayer,1.73
fayne,2.01
fayre,2.44
fazed,1.95
fazes,0.0
feals,0.0
feard,1.33
feare,2.8
fears,0.0
feart,0.0
fease,0.0
feast,4.08
feats,0.0
feaze,0.55
fecal,3.37
feces,3.38
fecht,1.64
fecit,0.0
fecks,0.43
fedai,0.72
fedex,0.0
feebs,0.0
feeds,0.0
feels,0.0
feely,2.3
feens,0.0
feers,0.83
feese,0.83
feeze,0.35
fehme,0.0
feign,2.74
feint,2.58
feist,2.32
felch,0.0
felid,1.31
felix,0.0
fella,2.8
fells,0.0
felly,2.04
felon,3.01
felts,0.0
felty,1.94
femal,0.0
femes,0.0
femic,1.54
femme,3.03
femmy,0.0
femur,3.5
fence,4.2
fends,0.0
fendy,0.28
fenis,0.0
fenks,0.0
fenny,2.03
fents,0.0
feods,0.0
feoff,0.91
feral,2.93
ferer,0.0
feres,0.0
feria,2.32
ferly,1.0
fermi,3.46
ferms,0.0
ferns,0.0
ferny,1.83
ferox,2.07
ferry,4.07
fesse,1.92
festa,2.41
fests,0.0
festy,0.89
fetal,3.94
fetas,0.0
fetch,3.72
feted,2.34
fetes,0.0
fetid,2.8
fetor,1.87
fetta,1.0
fetts,0.0
fetus,3.69
fetwa,0.71
feuar,1.37
feuds,0.0
feued,0.0
fever,4.51
fewer,4.42
feyed,0.0
feyer,1.2
feyly,0.0
fezes,0.0
fezzy,0.0
fiars,1.49
fiats,0.0
fiber,4.38
fibre,4.04
fibro,2.58
fices,0.0
fiche,2.99
fichu,1.71
ficin,0.0
ficos,0.0
ficta,0.0
ficus,2.73
fides,2.99
fidge,1.15
fidos,0.0
fidus,0.0
fiefs,0.0
field,5.47
fiend,3.12
fient,0.0
fiere,0.0
fieri,2.7
fiers,0.0
fiery,3.73
fiest,0.0
fifed,0.98
fifer,2.21
fifes,0.0
fifis,0.0
fifth,4.77
fifty,4.83
figgy,1.21
fight,4.74
figos,0.0
fiked,0.0
fikes,0.0
filar,1.75
filch,2.05
filed,5.02
filer,2.79
files,0.0
filet,2.5
filii,0.0
filks,0.0
fille,2.57
fillo,0.0
fills,0.0
filly,2.74
filmi,0.0
films,0.0
filmy,2.53
filon,0.0
filos,0.0
filth,3.4
filum,2.0
final,5.21
finca,2.17
finch,3.49
finds,0.0
fined,3.75
finer,3.91
fines,0.0
finis,2.7
finks,1.86
finny,2.22
finos,1.33
fiord,2.63
fiqhs,0.0
fique,0.0
fired,4.35
firer,1.99
fires,0.0
firie,0.0
firks,0.0
firma,0.0
firms,4.73
firni,0.0
firns,0.0
firry,0.79
first,6.1
firth,3.26
fiscs,0.0
fisho,0.0
fishy,2.68
fisks,0.0
fists,0.0
fisty,1.5
fitch,3.39
fitly,2.84
fitna,0.0
fitte,1.63
fitts,0.0
fiver,2.22
fives,2.79
fixed,5.05
fixer,2.6
fixes,3.48
fixie,0.0
fixit,1.56
fizzy,2.09
fjeld,1.68
fjord,2.95
flabs,0.0
flack,2.66
flaff,0.21
flags,0.0
flail,2.69
flair,3.08
flake,3.29
flaks,0.0
flaky,2.69
flame,4.31
flamm,2.03
flams,0.0
flamy,1.09
flane,0.0
flank,3.8
flans,0.0
flaps,3.44
flare,3.52
flary,0.33
flash,4.18
flask,3.8
flats,3.81
flava,0.0
flawn,1.35
flaws,0.0
flawy,0.21
flaxy,0.62
flays,0.0
fleam,1.27
fleas,0.0
fleck,2.73
fleek,0.0
fleer,2.01
flees,0.0
fleet,4.5
flegs,0.0
fleme,0.3
flesh,4.46
fleur,2.96
flews,1.18
flexi,0.0
flexo,0.0
fleys,0.0
flick,3.16
flics,0.0
flied,2.09
flier,2.69
flies,4.08
flimp,0.0
flims,0.0
fling,3.29
flint,3.94
flips,0.0
flirs,0.0
flirt,2.93
flisk,0.93
flite,1.88
flits,0.0
flitt,0.0
float,3.96
flobs,0.0
flock,3.95
flocs,0.0
floes,0.0
flogs,0.0
flong,1.36
flood,4.54
floor,4.99
flops,0.0
flora,4.06
flore,2.58
flors,0.0
flory,2.67
flosh,0.7
floss,2.87
flota,1.97
flote,1.46
flour,4.35
flout,2.47
flown,3.69
flows,0.0
flowy,0.0
flubs,0.0
flued,1.37
flues,0.0
fluey,0.45
fluff,2.74
fluid,4.74
fluke,2.9
fluky,1.15
flume,3.03
flump,0.82
flung,3.81
flunk,2.02
fluor,2.7
flurr,0.0
flush,3.82
flute,3.61
fluty,1.35
fluyt,0.0
flyby,2.17
flyer,3.11
flyin,1.93
flype,0.0
flyte,1.49
fnarr,0.0
foals,0.0
foams,0.0
foamy,2.6
focal,4.01
focus,4.86
foehn,1.64
fogey,1.58
foggy,3.07
fogie,0.81
fogle,0.0
fogos,0.0
fogou,0.5
fohns,0.0
foids,0.0
foils,0.0
foins,0.0
foist,2.3
folds,0.0
foley,0.0
folia,2.82
folic,3.09
folie,2.29
folio,3.85
folks,4.04
folky,1.03
folly,3.93
fomes,2.17
fonda,2.85
fonds,0.0
fondu,1.6
fones,0.0
fonio,0.0
fonly,0.59
fonts,0.0
foods,0.0
foody,1.49
fools,0.0
foots,2.28
footy,1.83
foram,2.2
foray,2.82
forbs,0.0
forby,1.71
force,5.41
fordo,1.0
fords,0.0
forel,2.33
fores,0.0
forex,2.41
forge,3.75
forgo,2.92
forks,0.0
forky,1.15
forma,0.0
forme,2.99
forms,0.0
forte,3.21
forth,5.01
forts,0.0
forty,4.79
forum,4.27
forza,0.0
forze,0.0
fossa,3.35
fosse,2.7
fouat,0.0
fouds,0.0
fouer,0.0
fouet,0.0
foule,2.4
fouls,0.0
found,5.77
fount,2.87
fours,0.0
fouth,0.0
fovea,2.72
fowls,3.45
fowth,0.0
foxed,1.99
foxes,3.39
foxie,1.1
foyer,3.15
foyle,2.4
foyne,0.66
frabs,0.0
frack,1.38
fract,2.03
frags,0.0
frail,3.55
fraim,0.0
frais,1.95
frame,4.75
franc,3.44
frank,4.77
frape,1.03
fraps,0.0
frass,2.1
frate,2.05
frati,0.0
frats,0.0
fraud,4.44
fraus,0.0
frays,0.0
freak,3.25
freed,3.97
freer,3.41
frees,3.05
freet,1.24
freit,0.0
fremd,1.45
frena,1.45
freon,2.71
frere,2.92
fresh,4.86
frets,0.0
friar,3.41
fribs,0.0
fried,3.7
frier,2.14
fries,3.29
frigs,0.0
frill,2.54
frise,1.99
frisk,2.55
frist,2.31
frita,0.0
frite,0.0
frith,3.0
frits,0.0
fritt,1.13
fritz,0.0
frize,1.57
frizz,1.64
frock,3.15
froes,0.0
frogs,0.0
fromm,0.0
frond,2.85
frons,2.78
front,5.18
froom,0.0
frore,1.09
frorn,2.09
frory,0.0
frosh,2.05
frost,4.14
froth,3.08
frown,3.51
frows,0.0
frowy,0.0
froyo,0.0
froze,3.44
frugs,0.0
fruit,4.83
frump,1.62
frush,1.43
frust,0.0
fryer,2.93
fubar,0.0
fubby,0.0
fubsy,0.54
fucks,0.0
fucus,2.38
fuddy,0.0
fudge,2.92
fudgy,1.2
fuels,0.0
fuero,1.83
fuffs,0.0
fuffy,0.44
fugal,2.13
fuggy,0.83
fugie,0.0
fugio,0.0
fugis,0.0
fugle,1.13
fugly,0.6
fugue,3.04
fugus,0.0
fujis,0.0
fulla,0.0
fulls,0.0
fully,5.06
fulth,0.0
fulwa,0.0
fumed,2.66
fumer,1.07
fumes,3.58
fumet,1.17
funda,0.0
fundi,2.31
fundo,0.0
funds,5.16
fundy,0.0
fungi,3.9
fungo,0.0
fungs,0.0
funic,1.0
funis,1.85
funks,0.0
funky,2.64
funny,4.07
funsy,0.0
funts,0.0
fural,0.0
furan,2.45
furca,2.03
furls,0.0
furol,0.0
furor,2.7
furos,0.0
furrs,0.0
furry,2.9
furth,2.67
furze,2.58
furzy,1.11
fused,3.79
fusee,2.06
fusel,2.18
fuses,0.0
fusil,1.7
fusks,0.0
fussy,2.83
fusts,0.0
fusty,1.87
futon,2.13
fuzed,0.0
fuzee,0.92
fuzes,0.0
fuzil,0.12
fuzzy,3.8
fyces,0.0
fyked,0.0
fykes,0.0
fyles,0.0
fyrds,0.0
fytte,1.09
gabba,0.0
gabby,2.68
gable,3.26
gaddi,2.13
gades,0.0
gadge,1.03
gadgy,0.0
gadid,0.8
gadis,0.0
gadje,0.0
gadjo,0.0
gadso,0.32
gaffe,2.0
gaffs,0.0
gaged,2.55
gager,2.12
gages,0.0
gaids,0.0
gaily,3.19
gains,4.42
gairs,0.0
gaita,1.48
gaits,0.0
gaitt,0.29
gajos,0.0
galah,1.32
galas,0.0
galax,1.98
galea,2.29
galed,0.0
gales,0.0
galia,0.0
galis,0.0
galls,3.14
gally,1.98
galop,1.92
galut,0.0
galvo,0.0
gamas,0.0
gamay,0.0
gamba,2.43
gambe,0.0
gambo,1.55
gambs,0.0
gamed,1.74
gamer,2.37
games,0.0
gamey,1.73
gamic,0.81
gamin,1.93
gamma,4.06
gamme,0.0
gammy,1.36
gamps,0.0
gamut,3.07
ganch,0.42
gandy,0.0
ganef,0.56
ganev,0.0
gangs,0.0
ganja,2.35
ganks,0.0
ganof,0.0
gants,0.0
gaols,0.0
gaped,2.82
gaper,1.25
gapes,2.17
gapos,0.0
gappy,1.37
garam,0.0
garba,0.0
garbe,1.84
garbo,2.51
garbs,0.0
garda,2.59
garde,0.0
gares,0.0
garis,0.0
garms,0.0
garni,0.0
garre,1.41
garri,0.0
garth,3.15
garum,1.52
gases,4.35
gashy,0.0
gasps,0.0
gaspy,0.64
gassy,2.28
gasts,0.0
gatch,1.95
gated,3.17
gater,0.0
gates,4.34
gaths,0.0
gator,2.43
gauch,0.0
gaucy,0.0
gauds,0.0
gaudy,3.07
gauge,4.2
gauje,0.0
gault,2.8
gaums,0.0
gaumy,0.0
gaunt,3.33
gaups,0.0
gaurs,0.0
gauss,3.28
gauze,3.49
gauzy,2.31
gavel,2.8
gavot,0.62
gawcy,0.0
gawds,0.0
gawks,0.0
gawky,2.1
gawps,0.0
gawsy,0.0
gayal,1.11
gayer,2.45
gayly,2.57
gazal,0.0
gazar,0.0
gazed,3.81
gazer,2.15
gazes,0.0
gazon,1.01
gazoo,0.5
geals,0.0
geans,0.0
geare,1.59
gears,0.0
geasa,0.0
geats,0.0
gebur,0.0
gecko,2.36
gecks,0.0
geeks,0.0
geeky,0.0
geeps,0.0
geese,3.56
geest,2.06
geist,2.76
geits,0.0
gelds,0.0
gelee,0.0
gelid,1.57
gelly,1.48
gelts,0.0
gemel,0.95
gemma,2.94
gemmy,1.27
gemot,0.0
genae,0.0
genal,2.15
genas,0.0
genes,0.0
genet,3.47
genic,2.18
genie,2.96
genii,2.65
genin,0.0
genio,2.01
genip,0.57
genny,0.0
genoa,3.51
genom,0.0
genre,3.91
genro,0.0
gents,0.0
genty,1.35
genua,1.85
genus,4.33
geode,1.84
geoid,2.42
gerah,0.79
gerbe,1.28
geres,0.0
gerle,1.31
germs,0.0
germy,0.94
gerne,0.0
gesse,1.54
gesso,2.19
geste,2.37
gests,0.0
getas,0.0
getup,1.84
geums,0.0
geyan,0.31
geyer,0.0
ghast,1.11
ghats,0.0
ghaut,1.88
ghazi,2.42
ghees,0.0
ghest,1.34
ghost,4.16
ghoul,2.27
ghusl,0.0
ghyll,1.62
giant,4.29
gibed,1.44
gibel,1.22
giber,0.89
gibes,0.0
gibli,0.49
gibus,0.99
giddy,3.14
gifts,0.0
gigas,2.53
gighe,0.0
gigot,1.64
gigue,1.8
gilas,0.0
gilds,0.0
gilet,1.42
gilia,0.0
gills,0.0
gilly,2.44
gilpy,0.0
gilts,0.0
gimel,1.49
gimme,2.57
gimps,0.0
gimpy,1.46
ginch,0.0
ginga,0.0
ginge,1.23
gings,0.0
ginks,0.0
ginny,2.95
ginzo,0.53
gipon,0.0
gippo,0.0
gippy,0.0
gipsy,3.01
girds,0.0
girlf,0.0
girls,0.0
girly,2.19
girns,0.0
giron,2.03
giros,0.0
girrs,0.0
girsh,0.0
girth,3.16
girts,0.0
gismo,1.07
gisms,0.0
gists,0.0
gitch,0.0
gites,0.0
giust,0.82
gived,0.0
given,5.74
giver,3.34
gives,5.1
gizmo,2.05
glace,2.57
glade,3.01
glads,0.0
glady,1.48
glaik,0.0
glair,1.21
glamp,0.0
glams,0.0
gland,4.07
glans,2.69
glare,3.66
glary,1.28
glass,4.99
glatt,0.0
glaum,1.07
glaur,0.6
glaze,3.45
glazy,0.81
gleam,3.48
glean,2.87
gleba,1.71
glebe,2.91
gleby,0.36
glede,1.18
gleds,0.0
gleed,1.66
gleek,1.13
glees,0.0
gleet,1.93
gleis,0.0
glens,3.02
glent,0.78
gleys,0.0
glial,2.97
glias,0.0
glibs,0.0
glide,3.43
gliff,0.67
glift,0.0
glike,0.03
glime,0.73
glims,0.0
glint,2.96
glisk,0.39
glits,0.0
glitz,2.03
gloam,1.11
gloat,2.4
globe,4.22
globi,0.0
globs,0.0
globy,0.35
glode,1.16
glogg,0.59
gloms,0.0
gloom,3.73
gloop,0.0
glops,0.0
glory,4.51
gloss,3.51
glost,1.66
glout,1.02
glove,3.56
glows,0.0
glowy,0.87
gloze,1.23
glued,3.32
gluer,1.44
glues,0.0
gluey,1.82
glugg,0.0
glugs,0.0
glume,2.58
glums,0.0
gluon,2.68
glute,1.23
gluts,0.0
glyph,2.49
gnapi,0.0
gnarl,1.22
gnarr,0.25
gnars,0.0
gnash,1.99
gnats,0.0
gnawn,0.92
gnaws,0.0
gnome,2.73
gnows,0.0
goads,0.0
goafs,0.88
goaft,0.0
goals,0.0
goary,0.0
goats,0.0
goaty,1.03
goave,1.18
goban,1.31
gobar,0.0
gobbe,0.0
gobbi,0.0
gobbo,0.0
gobby,0.0
gobis,0.0
gobos,0.0
godet,2.02
godly,3.42
godso,0.11
goels,0.0
goers,0.0
goest,0.0
goeth,0.0
goety,0.0
gofer,1.64
goffs,0.0
gogga,0.0
gogos,0.0
goier,0.0
going,5.47
gojis,0.0
gokes,0.0
golds,0.0
goldy,1.91
golem,2.42
goles,0.0
golfs,0.0
golly,2.41
golpe,0.0
golps,0.0
gombo,1.33
gomer,2.39
gompa,1.75
gonad,2.71
gonch,0.0
gonef,0.0
goner,2.03
gongs,0.0
gonia,0.0
gonif,0.5
gonks,0.0
gonna,3.81
gonof,0.0
gonys,1.45
gonzo,1.88
gooby,0.0
goodo,0.74
goods,5.15
goody,2.89
gooey,2.31
goofs,0.0
goofy,2.56
googs,0.0
gooks,0.0
gooky,0.0
goold,0.0
gools,1.01
gooly,0.31
goomy,0.0
goons,0.0
goony,0.83
goops,0.0
goopy,0.0
goors,0.0
goory,0.0
goose,3.76
goosy,0.65
gopak,0.7
gopik,0.0
goral,1.55
goras,0.0
goray,0.0
gorbs,0.0
gordo,0.0
gored,2.34
gores,0.0
gorge,3.58
goris,0.0
gorms,0.0
gormy,0.0
gorps,0.0
gorse,2.71
gorsy,0.35
gosht,0.0
gosse,2.81
gotch,0.0
goths,0.0
gothy,0.0
gotta,3.42
gouch,0.0
gouge,2.8
gouks,0.0
goura,1.21
gourd,3.02
gouts,0.0
gouty,2.79
goved,0.0
goves,0.0
gowan,2.51
gowds,0.0
gowfs,0.0
gowks,0.0
gowls,0.0
gowns,0.0
goxes,0.0
goyim,0.0
goyle,0.0
graal,2.19
grabs,0.0
grace,4.71
grade,4.89
grads,0.0
graff,2.85
graft,3.78
grail,3.09
grain,4.79
graip,0.72
grama,2.59
grame,1.53
gramp,1.8
grams,0.0
grana,2.29
grand,4.9
grano,0.0
grans,0.0
grant,5.02
grape,3.81
graph,4.29
grapy,0.65
grasp,4.15
grass,4.61
grata,0.0
grate,3.52
grats,0.0
grave,4.5
gravs,0.0
gravy,3.16
grays,0.0
graze,3.17
great,5.84
grebe,2.55
grebo,1.46
grece,2.09
greed,3.61
greek,4.77
green,5.11
grees,2.05
greet,3.66
grege,1.22
grego,1.68
grein,0.0
grens,0.0
greps,0.0
grese,1.12
greve,2.44
grews,0.0
greys,2.66
grice,2.71
gride,1.65
grids,0.0
grief,4.2
griff,2.66
grift,1.61
grigs,0.0
grike,0.51
grill,3.43
grime,2.82
grimy,2.84
grind,3.52
grins,0.0
griot,1.97
gripe,2.59
grips,0.0
gript,0.0
gripy,0.0
grise,2.04
grist,3.07
grisy,0.43
grith,1.01
grits,2.98
grize,0.85
groan,3.43
groat,2.8
grody,1.33
grogs,0.0
groin,3.25
groks,0.0
groma,0.0
groms,0.0
grone,1.62
groof,0.95
groom,3.56
grope,2.72
gross,4.82
grosz,2.49
grots,1.63
grouf,0.0
group,5.59
grout,3.18
grove,4.17
grovy,0.02
growl,3.15
grown,4.76
grows,0.0
grrls,0.0
grrrl,0.0
grubs,2.98
grued,0.0
gruel,2.8
grues,0.0
grufe,0.0
gruff,2.89
grume,0.69
grump,1.59
grund,2.37
grunt,3.06
gryce,1.83
gryde,0.64
gryke,0.0
grype,0.5
grypt,0.0
guaco,1.1
guana,1.63
guano,3.16
guans,0.0
guard,4.72
guars,0.0
guava,2.6
gubba,0.0
gucks,0.0
gucky,0.0
gudes,0.0
guess,4.47
guest,4.26
guffs,0.0
gugas,0.0
guggl,0.0
guide,4.88
guido,0.0
guids,0.0
guild,3.86
guile,2.92
guilt,4.27
guimp,0.32
guiro,1.07
guise,3.61
gulab,0.0
gulag,2.46
gular,2.4
gulas,0.85
gulch,3.12
gules,2.76
gulet,0.49
gulfs,0.0
gulfy,0.58
gulls,3.2
gully,3.25
gulph,2.34
gulps,0.0
gulpy,0.18
gumbo,2.57
gumma,2.26
gummi,0.0
gummy,2.68
gumps,0.0
gunas,0.0
gundi,1.14
gundy,2.14
gunge,0.0
gungy,0.22
gunks,0.0
gunky,0.0
gunny,2.58
guppy,2.53
guqin,0.0
gurdy,0.0
gurge,0.64
gurks,0.0
gurls,0.0
gurly,0.93
gurns,0.0
gurry,1.61
gursh,0.0
gurus,0.0
gushy,1.45
gusla,0.0
gusle,0.96
gusli,0.92
gussy,1.5
gusto,2.91
gusts,0.0
gusty,2.52
gutsy,2.14
gutta,2.99
gutty,1.23
guyed,2.04
guyle,0.76
guyot,2.49
guyse,0.0
gwine,2.38
gyals,0.0
gyans,0.0
gybed,0.6
gybes,0.0
gyeld,0.0
gymps,0.0
gynae,0.0
gynie,0.0
gynny,0.0
gynos,0.0
gyoza,0.0
gypes,0.0
gypos,0.0
gyppo,0.97
gyppy,0.41
gypsy,3.45
gyral,1.56
gyred,0.0
gyres,0.0
gyron,1.03
gyros,0.0
gyrus,2.95
gytes,0.0
gyved,0.82
gyver,0.0
gyves,1.67
haafs,0.0
haars,0.0
haats,0.0
habit,4.44
hable,1.84
habus,0.0
hacek,1.06
hacks,0.0
hacky,1.1
hadal,1.16
haded,0.0
hades,3.13
hadji,2.31
hadst,0.0
haems,0.0
haere,0.0
haets,0.0
haffs,0.0
hafiz,2.59
hafta,1.76
hafts,0.0
haggs,0.0
haham,1.33
hahas,0.0
haick,0.73
haika,0.0
haiks,0.0
haiku,2.7
hails,0.0
haily,0.94
hains,0.0
haint,1.76
hairs,0.0
hairy,3.64
haith,1.85
hajes,0.0
hajis,0.0
hajji,2.11
hakam,1.81
hakas,0.0
hakea,1.64
hakes,0.0
hakim,2.84
hakus,0.0
halal,2.3
haldi,0.0
haled,2.21
haler,1.18
hales,0.0
halfa,2.41
halfs,0.0
halid,0.0
hallo,2.62
halls,0.0
halma,1.54
halms,0.0
halon,2.28
halos,2.61
halse,2.02
halsh,0.0
halts,0.0
halva,1.38
halve,2.55
halwa,1.34
hamal,1.6
hamba,0.0
hamed,0.0
hamel,2.78
hames,0.0
hammy,1.64
hamza,2.42
hanap,0.86
hance,2.5
hanch,1.08
handi,0.0
hands,5.24
handy,3.8
hangi,0.0
hangs,0.0
hanks,3.14
hanky,2.26
hansa,2.45
hanse,2.37
hants,3.08
haole,0.0
haoma,1.59
hapas,0.0
hapax,0.0
haply,2.74
happi,0.0
happy,4.86
hapus,0.0
haram,2.55
hards,2.18
hardy,4.13
hared,0.0
harem,3.07
hares,0.0
harim,0.0
harks,0.0
harls,0.0
harms,0.0
harns,1.22
haros,0.0
harps,0.0
harpy,2.3
harry,4.52
harsh,4.06
harts,0.0
hashy,0.27
hasks,0.0
hasps,0.0
hasta,0.0
haste,3.86
hasty,3.69
hatch,3.9
hated,4.04
hater,2.82
hates,0.0
hatha,0.0
hathi,0.0
hatty,1.8
hauds,0.0
haufs,0.0
haugh,2.33
haugo,0.0
hauld,1.11
haulm,1.98
hauls,3.06
hault,1.31
hauns,0.0
haunt,3.4
hause,2.18
haute,3.33
havan,0.0
havel,2.67
haven,4.3
haver,2.31
haves,0.0
havoc,3.39
hawed,1.75
hawks,0.0
hawms,0.0
hawse,2.04
hayed,0.0
hayer,1.44
hayey,0.0
hayle,1.98
hazan,2.04
hazed,1.84
hazel,3.62
hazer,0.0
hazes,0.0
hazle,1.8
heads,0.0
heady,3.07
heald,2.79
heals,0.0
heame,0.0
heaps,3.5
heapy,1.01
heard,5.19
heare,2.82
hears,0.0
heart,5.28
heast,1.48
heath,3.93
heats,0.0
heaty,0.0
heave,3.22
heavy,5.04
heben,1.33
hebes,0.0
hecht,3.0
hecks,0.0
heder,1.7
hedge,3.82
hedgy,0.6
heeds,0.0
heedy,0.52
heels,0.0
heeze,0.63
hefte,1.87
hefts,0.0
hefty,2.94
heiau,1.85
heids,0.0
heigh,2.32
heils,0.0
heirs,0.0
heist,2.34
hejab,0.0
hejra,0.0
heled,0.0
heles,0.0
helio,2.05
helix,3.47
hella,0.0
hello,3.87
hells,0.0
helly,1.89
helms,0.0
helos,0.0
helot,1.8
helps,0.0
helve,1.79
hemal,1.5
hemes,0.0
hemic,1.91
hemin,2.11
hemps,0.0
hempy,0.81
hence,4.93
hench,2.13
hends,0.0
henge,1.89
henna,2.46
henny,2.34
henry,5.06
hents,0.0
hepar,1.84
herbs,0.0
herby,1.86
herds,0.0
heres,0.0
herls,0.0
herma,1.69
herms,0.0
herns,0.0
heron,3.35
heros,2.21
herps,0.0
herry,1.84
herse,1.93
hertz,3.26
herye,0.0
hesps,0.0
hests,0.0
hetes,0.0
heths,0.0
heuch,0.85
heugh,1.67
hevea,2.43
hevel,0.0
hewed,2.54
hewer,2.23
hewgh,0.29
hexad,1.29
hexed,1.38
hexer,0.0
hexes,0.0
hexyl,2.1
heyed,0.0
hiant,0.41
hibas,0.0
hicks,0.0
hided,1.27
hider,2.19
hides,0.0
hiems,1.16
hifis,0.0
highs,0.0
hight,2.78
hijab,2.24
hijra,2.12
hiked,2.7
hiker,2.45
hikes,0.0
hikoi,0.0
hilar,2.53
hilch,0.24
hillo,1.32
hills,0.0
hilly,3.41
hilsa,1.66
hilts,0.0
hilum,2.61
hilus,2.19
himbo,0.23
hinau,0.95
hinds,0.0
hinge,3.61
hings,0.0
hinky,0.0
hinny,1.52
hints,0.0
hiois,0.0
hiped,1.19
hiper,0.75
hipes,0.0
hiply,0.0
hippo,2.76
hippy,2.24
hired,4.23
hiree,0.76
hirer,2.59
hires,3.19
hissy,1.53
hists,0.0
hitch,3.33
hithe,1.39
hived,2.0
hiver,2.19
hives,3.26
hizen,1.61
hoach,0.0
hoaed,0.0
hoagy,1.7
hoard,3.37
hoars,0.0
hoary,3.04
hoast,1.33
hobby,3.56
hobos,1.8
hocks,2.43
hocus,2.27
hodad,0.0
hodja,1.62
hoers,0.0
hogan,3.47
hogen,1.62
hoggs,0.0
hoghs,0.0
hogoh,0.0
hogos,0.0
hohed,0.0
hoick,1.08
hoied,0.0
hoiks,0.0
hoing,0.0
hoise,1.34
hoist,3.5
hokas,0.0
hoked,0.0
hokes,0.0
hokey,1.98
hokis,0.0
hokku,1.39
hokum,1.92
holds,0.0
holed,2.77
holes,0.0
holey,1.88
holks,0.0
holla,2.19
hollo,2.09
holly,3.71
holme,2.77
holms,0.0
holon,0.0
holos,0.0
holts,0.0
homas,0.0
homed,0.0
homer,4.0
homes,0.0
homey,2.54
homie,0.0
homme,3.17
homos,0.0
honan,2.65
honda,0.0
honds,0.0
honed,2.84
honer,1.58
hones,0.0
honey,4.27
hongi,0.0
hongs,0.0
honks,0.0
honky,2.27
honor,4.65
hooch,2.18
hoods,0.0
hoody,1.24
hooey,1.66
hoofs,3.12
hoogo,0.0
hooha,0.0
hooka,0.0
hooks,3.74
hooky,1.99
hooly,1.48
hoons,0.0
hoops,3.18
hoord,0.85
hoors,1.0
hoosh,1.17
hoots,0.0
hooty,0.0
hoove,1.07
hopak,0.0
hoped,4.56
hoper,1.54
hopes,0.0
hoppy,2.02
horah,0.91
horal,1.02
horas,0.0
horde,3.11
horis,0.0
horks,0.0
horme,0.0
horns,0.0
horny,3.13
horse,4.86
horst,3.07
horsy,1.5
hosed,1.98
hosel,0.0
hosen,1.79
hoser,0.0
hoses,0.0
hosey,0.0
hosta,1.87
hosts,0.0
hotch,1.95
hotel,4.76
hoten,0.85
hotis,0.0
hotly,3.15
hotte,1.51
hotty,0.67
houff,1.21
houfs,0.0
hough,3.25
hound,3.38
houri,1.78
hours,5.3
house,5.73
houts,0.0
hovea,0.79
hoved,0.0
hovel,2.7
hoven,2.07
hover,3.2
hoves,0.0
howay,0.0
howbe,0.0
howdy,2.42
howes,2.91
howff,0.0
howfs,0.0
howks,0.0
howls,0.0
howre,1.44
howso,0.79
howto,0.0
hoxed,0.0
hoxes,0.0
hoyas,0.0
hoyed,0.0
hoyle,2.86
hubba,0.0
hubby,2.22
hucks,0.0
hudna,0.0
hudud,1.58
huers,0.0
huffs,0.0
huffy,2.02
huger,2.35
huggy,0.0
huhus,0.0
huias,0.0
huies,0.0
hukou,0.0
hulas,0.0
hules,0.0
hulks,0.0
hulky,0.71
hullo,2.58
hulls,0.0
hully,1.29
human,5.5
humas,0.0
humfs,0.0
humic,3.02
humid,3.54
humor,4.07
humph,2.68
humps,0.0
humpy,1.79
humus,3.34
hunch,2.95
hundo,0.0
hunks,2.22
hunky,2.06
hunts,0.0
hurds,1.13
hurls,0.0
hurly,2.29
hurra,1.79
hurry,4.04
hurst,3.37
hurts,0.0
hurty,1.62
hushy,0.17
husks,0.0
husky,3.16
husos,0.0
hussy,2.32
hutch,2.75
hutia,1.0
huzza,2.03
huzzy,0.98
hwyls,0.0
hydel,2.18
hydra,3.0
hydro,3.78
hyena,2.67
hyens,0.0
hygge,0.0
hying,1.86
hykes,0.0
hylas,0.0
hyleg,0.0
hyles,0.0
hylic,1.09
hymen,2.75
hymns,0.0
hynde,0.0
hyoid,2.75
hyped,0.0
hyper,3.29
hypes,0.0
hypha,2.2
hyphy,0.0
hypos,0.0
hyrax,1.82
hyson,1.98
hythe,2.47
iambi,1.4
iambs,0.0
ibrik,0.0
icers,0.0
iched,0.0
iches,0.0
ichor,1.88
icier,1.21
icily,2.26
icing,3.3
icker,0.0
ickle,1.17
icons,0.0
ictal,2.18
ictic,0.7
ictus,2.07
idant,0.74
iddah,0.0
iddat,0.0
iddut,0.0
ideal,4.68
ideas,4.97
idees,0.0
ident,2.82
idiom,3.42
idiot,3.57
idled,2.42
idler,2.94
idles,0.0
idlis,0.0
idola,1.62
idols,0.0
idyll,2.72
idyls,0.0
iftar,0.0
igapo,0.0
igged,0.0
igloo,2.37
iglus,0.0
ignis,0.0
ihram,1.47
iiwis,0.0
ikans,0.0
ikats,0.0
ikons,0.0
ileac,0.83
ileal,2.62
ileum,3.05
ileus,2.66
iliac,3.31
iliad,3.32
ilial,1.09
ilium,2.92
iller,0.0
illth,0.93
image,4.96
imago,2.86
imagy,0.0
imams,0.0
imari,1.67
imaum,1.72
imbar,0.68
imbed,1.84
imbos,0.0
imbue,2.5
imide,2.23
imido,1.58
imids,0.0
imine,0.0
imino,0.0
imlis,0.0
immew,0.0
immit,0.77
immix,0.27
imped,1.58
impel,2.76
impis,0.0
imply,4.18
impot,1.5
impro,1.98
imshi,0.0
imshy,0.0
inane,2.62
inapt,2.05
inarm,1.05
inbox,2.45
inbye,1.28
incas,0.0
incel,0.0
incle,1.21
incog,1.64
incur,3.7
incus,2.32
incut,1.35
indew,0.73
index,5.02
india,5.13
indie,2.78
indol,2.24
indow,1.48
indri,1.39
indue,1.71
inept,2.96
inerm,0.22
inert,3.72
infer,3.83
infix,2.06
infos,0.0
infra,3.88
ingan,1.89
ingle,2.73
ingot,3.34
inion,2.32
inked,2.69
inker,1.68
inkle,1.73
inlay,2.85
inlet,4.09
inned,1.24
inner,4.75
innie,0.0
innit,1.68
inorb,0.0
input,4.71
inros,0.0
inrun,0.3
insee,1.89
inset,3.24
inspo,0.0
intel,0.0
inter,4.53
intil,1.76
intis,0.0
intra,3.9
intro,3.23
inula,1.8
inure,2.76
inurn,0.43
inust,2.09
invar,2.26
inver,0.0
inwit,1.01
iodic,2.02
iodid,0.0
iodin,2.45
ionic,3.84
ioras,0.0
iotas,0.0
ippon,0.95
irade,1.81
irate,2.81
irids,0.0
iring,0.0
irked,0.0
iroko,1.56
irone,1.16
irons,3.54
irony,3.81
isbas,0.0
ishes,0.0
isled,0.0
isles,0.0
islet,3.22
isnae,0.0
issei,0.0
issue,5.31
istle,1.57
itchy,2.65
items,0.0
ither,2.28
ivied,1.83
ivies,1.82
ivory,3.89
ixias,0.0
ixnay,0.0
ixora,1.53
ixtle,1.26
izard,2.52
izars,0.0
izzat,1.73
jaaps,0.0
jabot,1.55
jacal,1.53
jacet,0.0
jacks,3.33
jacky,2.45
jaded,2.83
jades,0.0
jafas,0.0
jaffa,2.87
jagas,0.0
jager,2.56
jaggs,0.0
jaggy,0.95
jagir,2.18
jagra,0.41
jails,0.0
jaker,0.0
jakes,2.38
jakey,0.0
jakie,1.47
jalap,2.23
jaleo,0.93
jalop,0.0
jambe,1.52
jambo,1.51
jambs,0.0
jambu,1.68
james,5.23
jammy,1.67
jamon,0.0
jamun,0.0
janes,0.0
janky,0.0
janns,0.0
janny,0.0
janty,0.71
japan,4.98
japed,0.0
japer,0.78
japes,0.0
jarks,0.0
jarls,0.0
jarps,0.0
jarta,0.0
jarul,0.0
jasey,0.67
jaspe,1.12
jasps,0.0
jatha,0.0
jatis,0.0
jatos,0.0
jauks,0.0
jaune,2.09
jaunt,2.52
jaups,0.0
javas,0.0
javel,1.35
jawan,1.55
jawed,2.48
jawns,0.0
jaxie,0.33
jazzy,2.27
jeans,0.0
jeats,0.0
jebel,2.63
jedis,0.0
jeels,0.0
jeely,0.0
jeeps,0.0
jeera,0.0
jeers,2.53
jeeze,1.11
jefes,0.0
jeffs,0.0
jehad,1.8
jehus,0.0
jelab,0.0
jello,2.06
jells,0.0
jelly,3.59
jembe,0.0
jemmy,2.49
jenny,3.77
jeons,0.0
jerid,1.04
jerks,0.0
jerky,2.88
jerry,3.97
jesse,3.87
jessy,0.0
jests,0.0
jesus,4.91
jetee,0.96
jetes,0.0
jeton,1.15
jetty,3.26
jeune,0.0
jewed,0.0
jewel,3.62
jewie,0.0
jhala,0.0
jheel,1.16
jhils,0.0
jiaos,0.0
jibba,0.0
jibbs,0.0
jibed,1.66
jiber,0.12
jibes,0.0
jiffs,0.0
jiffy,2.46
jiggy,0.0
jigot,0.0
jihad,3.12
jills,0.0
jilts,0.0
jimmy,3.91
jimpy,0.0
jingo,2.27
jings,0.0
jinks,2.43
jinne,0.0
jinni,1.69
jinns,0.0
jirds,0.0
jirga,1.88
jirre,0.0
jisms,0.0
jitis,0.0
jitty,0.0
jived,0.0
jiver,0.0
jives,0.0
jivey,0.43
jnana,0.0
jobed,0.0
jobes,0.0
jocko,2.08
jocks,0.0
jocky,0.0
jocos,0.0
jodel,1.05
joeys,0.0
johns,4.04
joins,0.0
joint,5.07
joist,2.74
joked,3.09
joker,2.77
jokes,0.0
jokey,1.75
jokol,0.0
joled,0.0
joles,0.0
jolie,2.46
jollo,0.0
jolls,0.0
jolly,3.57
jolts,0.0
jolty,0.73
jomon,2.0
jomos,0.0
jones,4.75
jongs,0.0
jonty,1.6
jooks,0.0
joram,2.24
jorts,0.0
jorum,1.42
jotas,0.0
jotty,0.0
jotun,1.49
joual,0.0
jougs,0.74
jouks,0.0
joule,2.93
jours,0.0
joust,2.27
jowar,2.47
jowed,0.0
jowls,0.0
jowly,1.52
joyed,2.1
jubas,0.0
jubes,0.0
jucos,0.0
judas,3.44
judge,5.12
judgy,0.0
judos,0.0
jugal,2.18
jugum,1.61
juice,4.23
juicy,3.2
jujus,0.0
juked,0.0
jukes,0.0
jukus,0.0
julep,2.02
julia,3.98
jumar,0.0
jumbo,3.05
jumby,0.0
jumps,0.0
jumpy,2.49
junco,2.23
junks,0.0
junky,1.78
junta,3.25
junto,2.36
jupes,0.0
jupon,1.35
jural,2.16
jurat,2.25
jurel,0.64
jures,0.0
juris,0.0
juror,3.59
juste,0.0
justs,0.0
jutes,2.04
jutty,1.02
juves,0.0
juvie,0.0
kaama,0.59
kabab,1.11
kabar,0.0
kabob,1.35
kacha,0.0
kacks,0.0
kadai,1.47
kades,0.0
kadis,0.0
kafir,2.64
kagos,0.0
kagus,0.0
kahal,1.71
kaiak,1.07
kaids,0.0
kaies,0.0
kaifs,0.0
kaika,0.0
kaiks,0.0
kails,1.46
kaims,0.0
kaing,0.0
kains,0.0
kajal,0.0
kakas,0.0
kakis,0.0
kalam,0.0
kalas,0.0
kales,0.0
kalif,1.42
kalis,0.0
kalpa,2.15
kalua,0.0
kamas,1.61
kames,2.42
kamik,0.83
kamis,1.23
kamme,0.8
kanae,0.0
kanal,0.0
kanas,0.0
kanat,1.08
kandy,2.62
kaneh,0.0
kanes,0.0
kanga,1.88
kangs,0.0
kanji,2.5
kants,0.0
kanzu,0.82
kaons,0.0
kapai,0.75
kapas,0.0
kapha,0.0
kaphs,0.0
kapok,2.37
kapow,0.0
kappa,3.53
kapur,2.5
kapus,0.0
kaput,1.79
karai,0.0
karas,0.0
karat,2.37
karee,1.06
karez,1.26
karks,0.0
karma,3.34
karns,0.0
karoo,2.47
karos,1.16
karri,1.98
karst,2.95
karsy,0.0
karts,0.0
karzy,0.0
kasha,2.13
kasme,0.0
katal,0.0
katas,0.0
katis,0.0
katti,1.62
kaugh,0.0
kauri,2.4
kauru,0.0
kaury,0.0
kaval,0.0
kavas,0.0
kawas,0.0
kawau,0.0
kawed,0.0
kayak,2.74
kayle,0.0
kayos,0.0
kazis,0.0
kazoo,1.65
kbars,0.0
kcals,0.0
keaki,0.0
kebab,2.07
kebar,1.07
kebob,0.61
kecks,0.89
kedge,1.85
kedgy,0.0
keech,2.12
keefs,0.0
keeks,0.0
keels,2.76
keema,0.0
keeno,0.81
keens,0.0
keeps,0.0
keets,0.0
keeve,1.12
kefir,2.01
kehua,0.0
keirs,0.0
kelep,0.69
kelim,1.42
kells,0.0
kelly,4.2
kelps,0.0
kelpy,0.78
kelts,0.0
kelty,0.0
kembo,0.0
kembs,0.0
kemps,1.65
kempt,1.98
kempy,1.0
kenaf,2.26
kench,1.28
kendo,1.76
kenos,0.0
kente,1.72
kents,0.0
kepis,0.0
kerbs,0.0
kerel,0.0
kerfs,0.0
kerky,0.0
kerma,0.0
kerne,1.79
kerns,0.0
keros,0.0
kerry,0.0
kerve,0.42
kesar,1.56
kests,0.0
ketas,0.0
ketch,2.63
ketes,0.0
ketol,1.44
kevel,1.12
kevil,1.11
kexes,0.0
keyed,3.26
keyer,0.0
khadi,2.69
khads,0.0
khafs,0.0
khaki,3.07
khana,0.0
khans,0.0
khaph,0.0
khats,0.0
khaya,1.61
khazi,0.0
kheda,1.77
kheer,0.0
kheth,0.0
khets,0.0
khirs,0.0
khoja,1.93
khors,0.0
khoum,0.0
khuds,0.0
khula,0.0
khyal,1.06
kiaat,0.4
kiack,0.0
kiaki,0.0
kiang,2.65
kiasu,0.0
kibbe,0.0
kibbi,0.0
kibei,0.0
kibes,0.0
kibla,0.0
kicks,0.0
kicky,1.19
kiddo,0.0
kiddy,1.86
kidel,0.0
kideo,0.36
kidge,1.08
kiefs,0.0
kiers,0.0
kieve,1.13
kievs,0.0
kight,1.83
kikay,0.0
kikes,0.0
kikoi,0.4
kiley,2.45
kilig,0.0
kilim,1.45
kills,0.0
kilns,0.0
kilos,3.22
kilps,0.0
kilts,0.0
kilty,0.0
kimbo,1.54
kimet,0.0
kinas,0.0
kinda,3.03
kinds,0.0
kindy,1.44
kines,0.0
kings,0.0
kingy,0.81
kinin,2.15
kinks,0.0
kinky,2.52
kinos,0.0
kiore,0.0
kiosk,2.74
kipah,0.0
kipas,0.0
kipes,0.0
kippa,0.0
kipps,0.0
kipsy,0.0
kirby,3.54
kirks,0.0
kirns,0.0
kirri,0.0
kisan,2.28
kissy,0.0
kists,0.0
kitab,2.48
kited,0.0
kiter,0.0
kites,0.0
kithe,0.7
kiths,0.0
kitke,0.0
kitty,3.54
kitul,0.76
kivas,0.0
kiwis,0.0
klang,2.24
klaps,0.0
klett,0.0
klick,1.57
klieg,0.0
kliks,0.0
klong,1.79
kloof,2.14
kluge,0.0
klutz,1.83
knack,3.05
knags,0.0
knaps,0.0
knarl,0.0
knars,0.0
knaur,0.0
knave,3.05
knawe,0.69
knead,2.69
kneed,2.41
kneel,3.27
knees,0.0
knell,2.84
knelt,3.56
knick,2.24
knife,4.3
knish,1.13
knits,2.47
knive,0.9
knobs,0.0
knock,3.95
knoll,3.19
knoop,2.21
knops,0.0
knosp,0.59
knots,0.0
knoud,0.42
knout,1.9
knowd,0.0
knowe,2.67
known,5.51
knows,0.0
knubs,0.55
knule,0.0
knurl,1.42
knurr,0.83
knurs,0.0
knuts,0.0
koala,2.3
koans,0.0
koaps,0.0
koban,0.0
kobos,0.0
koels,0.0
koffs,0.0
kofta,1.13
kogal,0.0
kohas,0.0
kohen,0.0
kohls,0.0
koine,2.1
koiwi,0.0
kojis,0.0
kokam,0.58
kokas,0.0
koker,1.22
kokra,0.0
kokum,1.06
kolas,0.0
kolos,0.0
kombi,0.0
kombu,1.64
konbu,0.0
kondo,0.0
konks,0.0
kooks,0.0
kooky,1.74
koori,0.0
kopek,1.54
kophs,0.0
kopje,2.04
koppa,1.32
korai,0.0
koran,3.3
koras,0.0
korat,0.0
kores,0.0
koris,0.0
korma,1.35
koros,0.0
korun,0.0
korus,0.0
koses,0.0
kotch,0.0
kotos,0.0
kotow,1.14
koura,0.0
kraal,2.73
krabs,0.0
kraft,3.47
krais,0.0
krait,1.57
krang,0.9
krans,0.0
kranz,0.0
kraut,2.56
krays,0.0
kreef,0.0
kreen,0.0
kreep,1.73
kreng,0.55
krewe,0.0
krill,2.65
kriol,0.0
krona,2.14
krone,2.57
kroon,2.01
krubi,0.0
krump,0.0
krunk,0.0
ksars,0.0
kubie,0.0
kudos,2.37
kudus,0.0
kudzu,2.22
kufis,0.0
kugel,2.1
kuias,0.0
kukri,1.4
kukus,0.0
kulak,2.14
kulan,1.14
kulas,0.0
kulfi,0.0
kumis,0.88
kumys,0.82
kunas,0.0
kunds,0.0
kuris,0.0
kurre,0.84
kurta,1.83
kurus,1.9
kusso,0.0
kusti,0.0
kutai,0.0
kutas,0.0
kutch,2.5
kutis,0.0
kutus,0.0
kuyas,0.0
kuzus,0.0
kvass,1.41
kvell,0.31
kwaai,0.0
kwela,1.18
kwink,0.0
kwirl,0.0
kyack,0.59
kyaks,0.0
kyang,1.14
kyars,0.0
kyats,0.0
kybos,0.0
kydst,0.0
kyles,1.8
kylie,2.57
kylin,1.74
kylix,1.8
kyloe,0.0
kynde,1.99
kynds,0.0
kypes,0.0
kyrie,2.41
kytes,0.0
kythe,0.97
kyudo,0.0
laarf,0.0
laari,0.0
labda,0.0
label,4.35
labia,2.77
labis,0.0
labne,0.0
labor,5.3
labra,1.54
laccy,0.0
laced,3.33
lacer,1.6
laces,0.0
lacet,0.0
lacey,3.25
lacis,1.53
lacka,1.25
lacks,0.0
lacky,0.94
laddu,1.06
laddy,0.0
laded,1.75
ladee,0.0
laden,3.85
lader,0.0
lades,0.0
ladle,3.14
ladoo,0.0
laers,0.0
laevo,1.66
lagan,2.12
lagar,1.19
lager,2.84
laggy,0.0
lahal,0.0
lahar,1.82
laich,0.0
laics,0.0
laide,1.79
laids,0.0
laigh,1.48
laika,1.53
laiks,0.0
laird,3.51
lairs,0.0
lairy,1.25
laith,1.71
laity,3.41
laked,0.0
laker,2.23
lakes,4.46
lakhs,0.0
lakin,2.36
laksa,0.0
laldy,0.0
lalls,0.0
lamas,0.0
lambs,0.0
lamby,0.0
lamed,2.43
lamer,2.1
lames,2.54
lamia,2.4
lammy,1.37
lamps,0.0
lanai,2.36
lanas,0.0
lance,3.76
lanch,1.03
lande,2.74
lands,0.0
laned,0.0
lanes,0.0
lanks,0.0
lanky,2.72
lants,2.27
lapas,0.0
lapel,2.74
lapin,2.17
lapis,2.73
lapje,0.0
lappa,1.8
lappy,0.82
lapse,3.87
larch,3.13
lards,0.0
lardy,2.08
laree,1.33
lares,2.38
larfs,0.0
larga,2.01
large,5.7
largo,3.12
laris,0.0
larks,0.0
larky,1.21
larns,0.0
larnt,0.0
larum,1.49
larva,3.68
lased,1.28
laser,4.4
lases,0.0
lassi,1.68
lasso,2.73
lassu,0.57
lassy,0.0
lasts,0.0
latah,2.09
latch,3.5
lated,2.99
laten,1.7
later,5.47
latex,3.47
lathe,3.49
lathi,1.99
laths,2.73
lathy,1.35
latke,0.84
latte,2.46
latus,0.0
lauan,1.78
lauch,1.49
laude,0.0
lauds,0.0
laufs,0.0
laugh,4.33
laund,1.52
laura,4.04
laval,3.23
lavas,0.0
laved,1.98
laver,2.63
laves,0.0
lavra,0.0
lavvy,1.21
lawed,1.19
lawer,1.29
lawin,0.0
lawks,1.0
lawns,0.0
lawny,1.19
lawsy,0.86
laxed,0.0
laxer,1.84
laxes,0.0
laxly,1.83
layby,1.41
layed,0.0
layer,4.8
layin,2.06
layup,2.11
lazar,2.74
lazed,1.55
lazes,0.0
lazos,0.0
lazzi,0.0
lazzo,0.0
leach,3.59
leads,0.0
leady,1.35
leafs,0.0
leafy,3.39
leaks,0.0
leaky,3.09
leams,0.0
leans,0.0
leant,2.97
leany,0.65
leaps,0.0
leapt,3.34
leare,0.0
learn,4.92
lears,0.0
leary,3.01
lease,4.63
leash,3.07
least,5.48
leats,0.0
leave,5.2
leavy,2.32
leaze,1.07
leben,0.0
leccy,0.0
leche,2.34
ledes,0.0
ledge,3.63
ledgy,1.12
ledum,1.85
leear,0.0
leech,3.23
leeks,0.0
leeps,0.0
leers,0.0
leery,2.33
leese,2.23
leets,0.0
leeze,1.03
lefte,0.0
lefts,0.0
lefty,2.57
legal,5.2
leger,2.93
leges,2.69
legge,2.91
leggo,1.59
leggy,2.14
legit,2.32
legno,0.0
lehrs,0.0
lehua,1.57
leirs,0.0
leish,1.15
leman,2.55
lemed,0.0
lemel,0.96
lemes,0.0
lemma,3.63
lemme,2.33
lemon,3.96
lemur,2.34
lends,3.57
lenes,0.0
lengs,0.0
lenis,1.84
lenos,0.0
lense,2.05
lenti,0.0
lento,1.99
leone,3.61
lepak,0.0
leper,3.02
lepid,1.62
lepra,2.14
lepta,0.0
lered,1.23
leres,0.0
lerps,0.0
lesbo,1.03
leses,0.0
lesos,0.0
lests,0.9
letch,1.6
lethe,2.42
letty,2.72
letup,1.82
leuch,0.0
leuco,2.14
leuds,0.0
leugh,0.56
levas,0.0
levee,3.56
level,5.5
lever,4.14
leves,1.74
levin,3.6
levis,2.76
lewis,4.61
lexes,0.0
lexis,3.32
lezes,0.0
lezza,0.0
lezzo,0.0
lezzy,0.1
liana,2.41
liane,2.09
liang,3.26
liard,2.16
liars,0.0
liart,0.0
libel,3.75
liber,3.34
libor,0.0
libra,2.86
libre,2.87
libri,0.0
licet,0.0
lichi,1.21
licht,2.64
licit,2.44
licks,0.0
lidar,2.81
lidos,0.0
liefs,0.0
liege,3.24
liens,0.0
liers,0.0
lieus,0.0
lieve,2.61
lifer,1.98
lifes,0.0
lifey,0.33
lifts,0.0
ligan,1.22
liger,1.47
ligge,0.98
light,5.49
ligne,2.29
liked,4.4
liken,2.6
liker,1.94
likes,0.0
likin,2.11
lilac,3.21
lills,0.0
lilos,0.0
lilts,0.0
lilty,0.0
liman,2.17
limas,0.0
limax,1.84
limba,0.0
limbi,0.0
limbo,3.01
limbs,0.0
limby,0.0
limed,2.62
limen,2.03
limes,3.1
limey,1.93
limit,4.89
limma,0.89
limns,0.0
limos,0.0
limpa,0.81
limps,0.0
linac,2.59
linch,1.95
linds,0.0
lindy,2.67
lined,4.14
linen,4.0
liner,3.66
lines,5.26
liney,1.16
linga,2.41
lingo,2.7
lings,2.38
lingy,0.29
linin,1.69
links,4.39
linky,0.79
linns,0.0
linny,1.48
linos,0.0
lints,0.0
linty,1.0
linum,2.16
linux,3.26
lions,3.75
lipas,0.0
lipes,0.0
lipid,3.86
lipin,0.0
lipos,0.0
lippy,1.68
liras,0.0
lirks,0.0
lirot,0.0
lises,0.0
lisks,0.0
lisle,3.03
lisps,0.0
lists,0.0
litai,0.0
litas,1.51
lited,0.0
litem,0.0
liter,3.68
lites,2.21
lithe,2.86
litho,2.68
liths,0.0
litie,0.0
litre,3.41
lived,4.89
liven,2.35
liver,4.53
lives,4.97
livid,3.01
livor,1.33
livre,2.93
liwaa,0.0
liwas,0.0
llama,2.66
llano,2.64
loach,2.26
loads,4.28
loafs,1.43
loams,0.0
loamy,3.17
loans,0.0
loast,0.0
loath,3.03
loave,1.02
lobar,2.75
lobby,3.84
lobed,3.26
lobes,0.0
lobos,0.0
lobus,0.0
local,5.54
loche,1.54
lochs,0.0
lochy,1.5
locie,0.2
locis,0.0
locks,0.0
locky,1.3
locos,0.0
locum,2.58
locus,3.85
loden,1.84
lodes,0.0
lodge,4.34
loess,3.17
lofts,0.0
lofty,3.91
logan,3.92
loges,0.0
loggy,1.19
logia,1.99
logic,4.52
logie,0.0
login,3.0
logoi,0.0
logon,2.51
logos,3.41
lohan,1.81
loids,0.0
loins,3.18
loipe,0.0
loirs,0.0
lokes,0.0
lokey,0.0
lokum,0.0
lolas,0.0
loled,0.0
lollo,0.0
lolls,0.0
lolly,2.31
lolog,0.0
lolos,0.0
lomas,0.0
lomed,0.0
lomes,0.0
loner,2.62
longa,0.0
longe,2.79
longs,3.09
looby,1.82
looed,0.73
looey,0.0
loofa,0.78
loofs,0.0
looie,0.97
looks,0.0
looky,0.0
looms,0.0
loons,0.0
loony,2.26
loops,0.0
loopy,2.0
loord,0.47
loose,4.48
loots,0.0
loped,2.29
loper,2.2
lopes,0.0
loppy,0.91
loral,2.35
loran,2.75
lords,4.44
lordy,2.02
lorel,1.27
lores,0.0
loric,0.0
loris,2.27
lorry,3.18
losed,0.0
losel,1.34
losen,1.29
loser,3.27
loses,0.0
lossy,2.49
lotah,0.0
lotas,0.0
lotes,0.0
lotic,1.95
lotos,2.3
lotsa,1.56
lotta,2.51
lotte,2.59
lotto,2.49
lotus,3.6
loued,0.0
lough,3.08
louie,3.02
louis,4.84
louma,0.0
lound,0.0
louns,0.0
loupe,1.98
loups,1.74
loure,1.04
lours,0.0
loury,1.65
louse,3.02
lousy,3.04
louts,0.0
lovat,2.52
loved,4.62
lovee,0.86
lover,4.21
loves,4.13
lovey,2.16
lovie,0.0
lowan,1.52
lowed,2.86
lowen,0.0
lower,5.35
lowes,0.0
lowly,3.4
lownd,0.0
lowne,1.41
lowns,0.0
lowps,0.0
lowry,3.31
lowse,0.92
lowth,0.0
lowts,0.0
loxed,0.0
loxes,0.0
loyal,4.1
lozen,0.0
luach,0.0
luaus,0.0
lubed,0.0
lubes,0.0
lubra,1.25
luces,0.0
lucid,3.42
lucks,0.0
lucky,4.12
lucre,2.51
ludes,0.0
ludic,2.09
ludos,0.0
luffa,1.59
luffs,0.0
luged,0.0
luger,2.22
luges,0.0
lulls,0.0
lulus,0.0
lumas,0.0
lumbi,0.0
lumen,3.52
lumme,1.28
lummy,0.9
lumps,0.0
lumpy,2.86
lunar,3.82
lunas,0.0
lunch,4.33
lunes,0.0
lunet,0.86
lunge,2.78
lungi,1.7
lungs,0.0
lunks,0.0
lunts,0.0
lupin,2.57
lupus,3.38
lurch,2.88
lured,3.17
lurer,0.0
lures,0.0
lurex,1.25
lurgi,2.18
lurgy,1.27
lurid,3.04
lurks,0.0
lurry,1.22
lurve,0.0
luser,0.0
lushy,0.61
lusks,0.0
lusts,0.0
lusty,3.0
lusus,0.0
lutea,0.0
luted,2.03
luter,1.49
lutes,0.0
luvvy,0.18
luxed,0.0
luxer,0.0
luxes,0.0
lweis,0.0
lyams,0.0
lyard,0.66
lyart,0.83
lyase,0.0
lycea,0.7
lycee,2.22
lycra,2.03
lying,4.62
lymes,0.0
lymph,3.86
lynch,3.84
lynes,0.0
lyres,0.0
lyric,3.6
lysed,0.0
lyses,0.0
lysin,1.88
lysis,3.18
lysol,2.23
lyssa,1.94
lyted,0.0
lytes,0.0
lythe,1.62
lytic,2.76
lytta,1.29
maaed,0.0
maare,0.0
maars,0.0
maban,0.0
mabes,0.0
macas,0.0
macaw,2.23
macca,1.48
maced,0.0
macer,2.02
maces,0.0
mache,2.47
machi,0.0
macho,2.88
machs,0.0
macka,0.0
macks,0.0
macle,1.25
macon,3.48
macro,3.8
macte,0.0
madal,0.91
madam,3.92
madar,1.74
maddy,2.89
madge,3.0
madid,0.5
madly,3.14
mados,0.0
madre,2.98
maedi,1.41
maerl,0.0
mafia,3.18
mafic,2.99
mafts,0.0
magas,0.0
mages,0.0
maggs,0.0
magic,4.34
magma,3.39
magna,0.0
magot,1.21
magus,2.63
mahal,0.0
mahem,0.52
mahis,0.0
mahoe,1.4
mahrs,0.0
mahua,0.0
mahwa,0.75
maids,0.0
maiko,1.4
maiks,0.0
maile,1.95
maill,0.0
mailo,0.0
mails,0.0
maims,0.0
mains,3.74
maire,2.61
mairs,0.0
maise,1.34
maist,2.28
maize,3.96
majas,0.0
majat,0.0
majoe,0.0
major,5.38
majos,0.0
makaf,0.0
makai,1.72
makan,0.0
makar,0.0
makee,0.0
maker,4.22
makes,0.0
makie,0.0
makis,0.0
makos,0.0
malae,0.0
malai,0.0
malam,0.0
malar,2.64
malas,0.0
malax,0.4
maleo,1.04
males,4.48
malic,2.72
malik,3.25
malis,2.02
malky,0.0
malls,0.0
malms,0.0
malmy,0.12
malts,0.0
malty,1.66
malus,2.48
malva,2.03
malwa,0.0
mamak,0.0
mamas,0.0
mamba,2.1
mambo,2.31
mambu,0.0
mamee,0.0
mamey,1.45
mamie,2.88
mamil,0.0
mamma,3.54
mammy,2.83
manas,0.0
manat,1.66
mandi,0.0
mands,0.0
mandy,3.07
maneb,1.97
maned,2.02
maneh,1.38
manes,2.82
manet,2.87
manga,2.65
mange,2.73
mangi,1.57
mango,3.26
mangs,0.0
mangy,2.33
mania,3.42
manic,3.23
manie,2.36
manis,2.16
manks,1.42
manky,1.07
manly,3.66
manna,3.1
manny,2.97
manoa,0.0
manor,3.99
manos,0.0
manse,2.84
manso,2.07
manta,2.34
mante,1.61
manto,2.1
mants,0.0
manty,0.0
manul,1.12
manus,2.87
manzo,0.0
mapau,0.0
mapes,0.0
maple,3.88
mapou,0.0
mappy,0.67
maqam,0.0
maqui,1.15
marae,2.18
marah,2.14
maral,1.45
maran,0.0
maras,1.8
maray,0.77
march,5.36
marcs,1.91
mards,0.0
mardy,1.5
mares,3.27
marga,0.0
marge,2.92
margo,2.86
margs,0.0
maria,4.3
marid,1.37
maril,0.0
marka,0.0
marks,4.62
marle,2.05
marls,0.0
marly,2.69
marma,0.0
marms,0.0
maron,0.0
maror,1.23
marra,0.0
marri,2.01
marry,4.32
marse,2.25
marsh,4.11
marts,0.0
marua,0.0
marvy,0.0
masas,0.0
mased,0.0
maser,2.75
mases,0.0
masha,2.47
mashy,0.73
masks,0.0
mason,4.26
massa,2.98
masse,3.18
massy,2.7
masts,0.0
masty,0.92
masur,0.0
masus,0.0
masut,0.6
matai,2.0
match,4.47
mated,3.24
mater,3.69
mates,3.59
matey,1.99
mathe,2.36
maths,3.0
matin,2.58
matlo,0.0
matra,2.21
matsu,2.21
matte,3.15
matts,0.0
matty,2.71
matza,0.0
matzo,1.83
mauby,0.68
mauds,0.0
mauka,0.0
maula,0.0
mauls,0.0
maums,0.0
maumy,0.0
maund,2.52
maunt,0.66
mauri,0.0
mausy,0.0
mauts,0.0
mauve,2.89
mauvy,0.0
mauzy,0.0
maven,2.13
mavie,0.0
mavin,1.19
mavis,2.81
mawed,0.0
mawks,0.22
mawky,0.0
mawla,0.0
mawns,0.0
mawps,0.0
mawrs,0.0
maxed,1.73
maxes,0.0
maxim,3.68
maxis,0.0
mayan,2.97
mayas,2.44
maybe,4.78
mayed,0.85
mayor,4.49
mayos,0.0
mayst,2.61
mazac,0.0
mazak,0.0
mazar,2.25
mazas,0.0
mazed,1.67
mazel,0.0
mazer,2.14
mazes,0.0
mazet,0.0
mazey,1.8
mazut,1.09
mbari,0.0
mbars,0.0
mbila,0.86
mbira,1.57
mbret,0.5
mbube,0.0
mbuga,0.0
meads,0.0
meake,0.0
meaks,0.0
meals,0.0
mealy,2.79
meane,2.64
means,5.59
meant,4.83
meany,2.77
meare,1.64
mease,1.99
meath,2.88
meats,0.0
meaty,2.65
mebbe,2.43
mebos,0.0
mecca,3.43
mecha,0.0
mechs,0.0
mecks,0.0
mecum,0.0
medal,4.07
media,4.88
medic,2.9
medii,2.04
medin,0.0
medle,1.35
meech,2.31
meeds,0.0
meeja,0.0
meeps,0.0
meers,0.0
meets,0.0
meffs,0.0
meids,0.0
meiko,0.0
meils,0.0
meins,0.0
meint,1.22
meiny,0.82
meism,0.0
meith,0.79
mekka,0.0
melam,1.05
melas,0.0
melba,2.61
melch,1.15
melds,0.0
melee,2.63
meles,2.05
melic,1.47
melik,1.77
mells,0.0
meloe,1.28
melon,3.19
melos,0.0
melts,0.0
melty,1.12
memes,0.0
memic,0.0
memos,0.0
menad,0.31
mence,0.0
mends,2.33
mened,0.0
menes,0.0
menge,2.56
mengs,0.0
menil,0.0
mensa,2.34
mense,2.3
mensh,1.14
menta,0.0
mento,2.01
ments,0.0
menus,0.0
meous,0.0
meows,0.0
merch,2.29
mercs,0.0
mercy,4.34
merde,1.81
merds,0.0
mered,1.53
merel,1.7
merer,1.52
meres,0.0
merge,3.68
meril,0.0
meris,0.0
merit,4.44
merks,0.0
merle,3.14
merls,0.0
merry,3.93
merse,1.72
mersk,0.0
mesad,1.84
mesal,2.16
mesas,0.0
mesca,0.0
mesel,0.92
mesem,0.0
meses,0.0
meshy,0.71
mesia,0.0
mesic,2.63
mesne,3.04
meson,3.16
messy,3.23
mesto,1.73
mesyl,0.0
metal,5.01
metas,0.0
meted,2.93
meteg,0.0
metel,1.53
meter,4.28
metes,0.0
methi,0.0
metho,0.0
meths,1.28
methy,0.0
metic,1.95
metif,0.17
metis,2.69
metol,2.06
metre,3.66
metro,3.71
metta,0.0
meums,0.0
meuse,2.92
meved,0.0
meves,0.0
mewed,1.95
mewls,0.0
meynt,0.25
mezes,0.0
mezza,1.53
mezze,0.0
mezzo,2.66
mgals,0.0
mhorr,0.13
miais,0.0
miaou,0.77
miaow,1.37
miasm,1.75
miaul,0.21
micas,0.0
miche,1.75
michi,0.0
micht,1.93
micks,0.0
micky,2.4
micos,0.0
micra,0.0
micro,4.13
middy,1.89
midge,2.83
midgy,0.0
midis,1.19
midst,4.27
miens,0.0
mieux,0.0
mieve,0.2
miffs,0.0
miffy,1.02
mifty,0.0
miggs,0.0
might,5.7
migma,0.0
migod,0.48
mihas,0.0
mihis,0.0
mikan,1.58
miked,0.0
mikes,0.0
mikos,0.0
mikra,0.0
mikva,2.15
milch,2.9
milds,1.3
miler,2.01
miles,5.24
milfs,0.0
milia,2.01
milko,1.32
milks,0.0
milky,3.41
mille,3.0
mills,4.64
milly,0.0
milor,0.0
milos,0.0
milpa,1.94
milts,1.56
milty,1.14
miltz,0.0
mimed,0.0
mimeo,3.03
mimer,1.33
mimes,0.0
mimic,3.39
mimis,0.0
mimsy,0.0
minae,1.73
minar,2.01
minas,3.04
mince,2.86
mincy,0.0
mindi,0.0
minds,0.0
mined,3.78
miner,3.81
mines,0.0
minge,1.77
mingi,0.0
mings,0.0
mingy,0.95
minim,2.51
minis,0.0
minke,2.31
minks,2.2
minny,1.82
minor,4.8
minos,2.7
minse,0.5
mints,0.0
minty,2.36
minus,4.0
minxy,0.0
miraa,0.0
mirah,0.0
mirch,0.0
mired,2.78
mires,0.0
mirex,0.0
mirid,1.35
mirin,0.0
mirkn,0.0
mirks,0.0
mirky,0.65
mirls,0.0
mirly,0.0
miros,0.0
mirrl,0.0
mirrs,0.0
mirth,3.43
mirvs,0.0
mirza,2.98
misal,0.0
misch,0.0
misdo,0.6
miser,2.98
mises,0.0
misgo,0.0
misky,0.24
misls,0.0
misos,0.0
missa,2.56
missy,2.89
misto,0.0
mists,0.0
misty,3.33
mitas,0.0
mitch,3.28
miter,2.65
mites,0.0
mitey,0.0
mitie,0.0
mitis,2.13
mitre,3.03
mitry,1.37
mitta,0.0
mitts,0.0
mivey,0.0
mivvy,0.0
mixed,4.77
mixen,1.11
mixer,3.58
mixes,0.0
mixie,0.0
mixis,0.9
mixte,0.0
mixup,1.72
miyas,0.0
mizen,2.23
mizes,0.0
mizzy,1.03
mmkay,0.0
mneme,0.0
moais,0.0
moaky,0.0
moals,0.0
moana,0.0
moans,0.0
moany,0.0
moars,0.0
moats,0.0
mobby,0.35
mobed,0.0
mobee,0.12
mobes,0.0
mobey,0.0
mobie,0.0
moble,1.13
mobos,0.0
mocap,0.0
mocha,2.6
mochi,1.91
mochs,0.0
mochy,0.0
mocks,0.0
mocky,0.0
mocos,0.0
mocus,0.31
modal,3.66
model,5.34
modem,3.75
moder,2.95
modes,0.0
modge,0.0
modii,1.39
modin,0.0
modoc,2.67
modom,0.0
modus,3.22
moeni,0.0
moers,0.0
mofos,0.0
mogar,0.0
mogas,0.0
moggy,1.46
mogos,0.0
mogra,0.97
mogue,0.0
mogul,3.03
mohar,1.64
mohel,1.48
mohos,0.0
mohrs,0.0
mohua,0.91
mohur,1.5
moile,0.95
moils,0.0
moira,2.95
moire,2.53
moist,4.02
moits,0.0
moity,0.0
mojos,0.0
moker,0.76
mokes,0.0
mokey,0.0
mokis,0.0
mokky,0.0
mokos,0.0
mokus,0.0
molal,2.43
molar,3.7
molas,0.0
molds,0.0
moldy,2.59
moled,0.71
moler,2.03
moles,0.0
moley,2.16
molie,0.0
molla,1.85
molle,2.29
mollo,0.0
molls,0.0
molly,3.72
moloi,0.0
molos,0.0
molto,2.35
molts,0.0
molue,0.0
molvi,0.0
molys,0.0
momes,0.0
momie,0.0
momma,3.03
momme,1.52
mommy,3.24
momos,1.07
mompe,0.0
momus,2.02
monad,2.63
monal,1.39
monas,1.95
monde,3.27
mondo,2.57
moner,1.35
money,5.45
mongo,2.1
mongs,0.0
monic,1.99
monie,2.05
monks,0.0
monos,0.0
monpe,0.0
monte,3.88
month,5.17
monty,3.02
moobs,0.0
mooch,1.77
moods,0.0
moody,3.73
mooed,1.31
mooey,0.76
mooks,0.0
moola,1.51
mooli,0.85
mools,0.0
mooly,0.69
moong,1.76
mooni,0.0
moons,0.0
moony,1.86
moops,0.0
moors,3.47
moory,1.31
moose,3.52
mooth,0.0
moots,0.0
moove,1.18
moped,2.36
moper,0.55
mopes,1.49
mopey,1.22
moppy,0.71
mopsy,1.29
mopus,0.84
morae,0.0
morah,0.0
moral,4.93
moran,3.51
moras,0.0
morat,0.0
moray,2.99
moree,0.0
morel,2.94
mores,3.2
morgy,0.0
moria,1.98
morin,2.97
mormo,0.94
morna,0.0
morne,2.29
morns,0.0
moron,2.7
moror,1.34
morph,2.76
morra,1.87
morro,2.63
morse,3.84
morts,0.0
moruk,0.0
mosed,0.0
moses,4.3
mosey,1.92
mosks,0.0
mosso,2.03
mossy,3.0
moste,2.4
mosto,0.0
mosts,0.0
moted,1.87
motel,3.52
moten,1.86
motes,0.0
motet,2.49
motey,0.55
moths,3.46
mothy,1.06
motif,3.65
motis,0.0
moton,1.96
motor,4.99
motte,2.8
motto,3.65
motts,0.0
motty,1.09
motus,0.0
motza,0.79
mouch,1.09
moues,0.0
moufs,0.0
mould,3.86
moule,2.36
mouls,0.0
moult,2.86
mouly,1.3
mound,3.86
mount,4.53
moups,0.0
mourn,3.44
mouse,4.25
moust,0.84
mousy,2.08
mouth,4.91
moved,5.04
mover,3.4
moves,0.0
movie,4.24
mowas,0.0
mowed,2.77
mower,3.18
mowie,0.0
mowra,0.0
moxas,0.0
moxie,2.02
moyas,0.0
moyle,2.54
moyls,0.0
mozed,0.0
mozes,0.0
mozos,0.0
mpret,0.14
mrads,0.0
msasa,0.97
mtepe,0.45
mucho,2.37
mucic,1.61
mucid,0.16
mucin,2.73
mucko,0.0
mucks,0.0
mucky,2.18
mucor,2.28
mucro,2.01
mucus,3.49
mudar,1.43
muddy,3.68
mudge,2.66
mudif,0.0
mudim,0.0
mudir,1.67
mudra,2.27
muffs,0.0
muffy,1.68
mufti,2.72
mugga,0.0
muggs,0.0
muggy,2.28
mugho,0.0
mugil,2.0
mugos,0.0
muhly,0.0
muids,0.0
muils,0.0
muirs,0.0
muiry,0.0
muist,0.37
mujik,1.15
mukim,1.6
mukti,0.0
mulai,0.0
mulch,3.2
mulct,2.03
muled,0.9
mules,3.67
muley,2.14
mulga,0.0
mulie,0.0
mulla,2.44
mulls,0.0
mulse,0.26
mulsh,0.0
mumbo,0.0
mumms,0.0
mummy,3.32
mumph,0.0
mumps,3.01
mumsy,1.12
mumus,0.0
munch,2.88
munds,0.0
mundu,0.0
munga,1.25
munge,0.77
mungi,0.0
mungo,2.71
mungs,0.0
mungy,0.0
munia,0.0
munis,0.0
munja,1.27
munjs,0.0
munts,0.0
muntu,0.0
muons,0.0
mural,3.41
muras,0.0
mured,1.41
mures,1.73
murex,2.27
murgh,0.0
murgi,0.0
murid,1.79
murks,0.0
murky,3.08
murls,0.0
murly,0.37
murra,0.0
murre,1.86
murri,0.0
murrs,0.0
murry,2.65
murth,0.71
murti,0.0
muruk,0.0
murva,0.46
musar,1.52
musca,2.43
mused,3.23
musee,0.0
muser,1.35
muses,0.0
muset,0.86
musha,1.73
mushy,2.61
music,5.12
musit,0.59
musks,0.0
musky,2.49
musos,0.0
musse,0.0
mussy,1.6
musta,2.0
musth,1.35
musts,0.0
musty,2.98
mutas,0.0
mutch,2.18
muted,3.2
muter,1.91
mutes,0.0
mutha,0.0
mutic,1.03
mutis,0.0
muton,1.01
mutti,2.12
mutts,0.0
mutum,1.2
muvva,0.0
muxed,0.0
muxes,0.0
muzak,2.01
muzzy,1.99
mvula,0.89
mvule,0.74
mvuli,0.0
myall,0.0
myals,0.0
mylar,2.6
mynah,1.73
mynas,0.0
myoid,1.44
myoma,2.25
myons,0.0
myope,1.38
myops,1.06
myopy,0.26
myrrh,2.79
mysid,1.63
mysie,0.0
mythi,0.0
myths,0.0
mythy,0.0
myxos,0.0
mzees,0.0
naams,0.0
naans,0.0
naats,0.0
nabam,0.0
nabby,1.76
nabes,0.0
nabis,0.0
nabks,0.0
nabla,1.25
nabob,2.84
nache,0.0
nacho,2.0
nacre,2.11
nadas,0.0
nadir,3.0
naeve,1.24
naevi,1.92
naffs,0.0
nagar,0.0
nagas,0.0
nages,0.0
naggy,0.54
nagor,1.05
nahal,2.12
naiad,2.22
naibs,0.0
naice,0.4
naids,0.0
naieo,0.0
naifs,0.0
naiks,0.0
nails,0.0
naily,0.52
nains,0.0
naios,0.0
naira,2.4
nairu,0.0
naive,3.67
najib,0.0
nakas,0.0
naked,4.22
naker,0.84
nakfa,0.0
nalas,0.0
naled,1.56
nalla,0.0
namad,0.0
namak,0.0
namaz,0.0
named,4.93
namer,1.71
names,5.01
namma,0.0
namus,0.0
nanas,0.0
nance,3.09
nancy,4.11
nandu,1.27
nanna,2.28
nanny,3.14
nanos,0.0
nante,0.0
nanti,0.0
nanto,0.0
nants,0.0
nanty,0.0
nanua,0.0
napas,0.0
naped,0.0
napes,0.0
napoh,0.0
napoo,0.72
nappa,1.39
nappe,2.55
nappy,2.35
naras,0.0
narco,2.22
narcs,0.0
nards,0.0
nares,2.79
naric,0.0
naris,1.85
narks,1.3
narky,0.84
narod,0.0
narra,2.06
narre,1.05
nasal,3.92
nashi,0.0
nasho,0.0
nasis,0.0
nason,2.56
nasty,3.59
nasus,0.0
natak,0.0
natal,3.73
natch,1.69
nates,2.31
natis,0.0
natto,0.0
natty,2.47
natya,0.0
nauch,1.83
naunt,0.45
naval,4.67
navar,0.0
naved,0.0
navel,3.13
naves,0.0
navew,0.32
navvy,2.07
nawab,2.96
nawal,0.0
nazar,2.06
nazes,0.0
nazir,2.38
nazis,0.0
nazzy,0.0
nduja,0.0
neafe,0.0
neals,0.0
neant,0.0
neaps,0.0
nears,0.0
neath,2.99
neato,0.89
neats,0.0
nebby,0.0
nebek,0.3
nebel,2.12
neche,1.29
necks,0.0
neddy,2.01
neebs,0.0
needs,5.22
needy,3.71
neefs,0.0
neeld,1.62
neele,1.55
neemb,0.0
neems,0.0
neeps,0.0
neese,1.78
neeze,0.44
nefie,0.0
negri,0.0
negro,4.43
negus,2.39
neifs,0.0
neigh,2.68
neist,1.29
neive,0.77
nelia,1.6
nelis,0.0
nelly,3.02
nemas,0.0
nemic,0.91
nemns,0.0
nempt,0.14
nenes,0.0
nenta,0.0
neons,0.0
neosa,0.0
neoza,0.12
neper,1.35
nepit,0.0
neral,0.0
neram,0.23
nerds,0.0
nerdy,0.0
nerfs,0.0
nerka,2.0
nerks,0.0
nerol,0.0
nerts,0.57
nertz,0.0
nerve,4.5
nervy,2.05
neski,0.0
nests,0.0
nesty,0.0
netas,0.0
netes,0.0
netop,0.0
netta,0.0
netts,0.0
netty,1.69
neuks,0.0
neume,1.16
neums,1.02
nevel,1.68
never,5.62
neves,0.0
nevis,2.97
nevus,2.59
nevvy,0.78
newbs,0.0
newed,1.73
newel,2.27
newer,3.86
newie,0.0
newly,4.49
newsy,1.89
newts,0.0
nexal,0.69
nexin,1.13
nexts,0.0
nexum,0.0
nexus,3.33
ngaio,1.56
ngaka,0.0
ngana,0.0
ngapi,0.0
ngati,0.0
ngege,0.26
ngoma,1.75
ngoni,2.05
ngram,0.0
ngwee,0.88
nibby,1.33
nicad,1.57
niced,0.41
nicer,3.02
nicey,1.2
niche,3.6
nicht,3.3
nicks,0.0
nicky,2.96
nicol,0.0
nidal,1.92
nided,0.0
nides,0.0
nidor,0.5
nidus,2.3
niece,3.67
niefs,0.0
niess,0.0
nieve,1.62
nifes,0.0
niffs,0.0
niffy,0.5
nifle,0.0
nifty,2.4
niger,3.57
nigga,2.48
nighs,0.0
night,5.32
nigre,0.94
nigua,0.85
nihil,2.87
nikab,0.0
nikah,0.0
nikau,1.07
nilas,0.0
nills,0.0
nimbi,1.22
nimbs,0.0
nimby,1.89
nimps,0.0
niner,1.97
nines,0.0
ninja,2.47
ninny,2.16
ninon,2.14
ninta,0.0
ninth,4.29
niopo,0.3
nioza,0.0
nipas,0.0
nipet,0.0
nippy,1.81
niqab,1.46
nirls,0.0
nirly,0.0
nisei,2.5
nisin,0.0
nisse,0.0
nisus,2.13
nital,0.0
niter,2.19
nites,0.0
nitid,1.37
niton,0.0
nitre,2.76
nitro,3.34
nitry,0.18
nitta,0.0
nitto,1.63
nitty,2.24
nival,1.47
nivas,0.0
nivel,1.78
nixed,0.0
nixer,0.0
nixes,0.0
nixie,1.77
nizam,2.97
njirl,0.0
nkosi,0.0
nmoli,0.0
nmols,0.0
noahs,0.0
nobby,2.08
noble,4.68
nobly,3.27
nocks,0.0
nodal,3.34
noddy,2.11
noded,1.81
nodes,0.0
nodum,0.0
nodus,1.81
noels,0.0
noema,0.0
noeme,0.0
nogal,0.0
noggs,0.0
noggy,0.0
nohow,1.94
noias,0.0
noils,2.13
noily,0.0
noint,1.36
noire,0.0
noirs,0.0
noise,4.7
noisy,3.75
nokes,0.0
noles,0.0
nolle,2.47
nolls,0.0
nolos,0.0
nomad,2.89
nomas,0.0
nomen,2.77
nomes,0.0
nomic,2.67
nomoi,0.0
nomos,0.0
nonan,1.07
nonas,0.0
nonce,2.48
noncy,0.0
nonda,0.82
nondo,0.55
nones,2.21
nonet,1.77
nongs,0.0
nonic,0.53
nonis,0.0
nonna,0.0
nonno,0.0
nonny,1.79
nonyl,1.67
noobs,0.0
noois,0.0
nooit,0.0
nooks,0.0
nooky,0.99
noone,2.46
noons,0.0
noops,0.0
noose,2.96
noove,0.0
nopal,1.87
noria,1.61
norie,1.67
noris,0.0
norks,0.0
norma,3.31
norms,0.0
north,5.47
nosed,3.13
noser,1.15
noses,0.0
nosey,2.1
noshi,1.08
nosir,0.0
notal,1.52
notam,1.98
notch,3.73
noted,5.02
noter,1.56
notes,0.0
notum,1.92
nougs,0.0
nouja,0.0
nould,1.23
noule,0.58
nouls,0.0
nouns,3.71
nouny,0.46
noups,0.0
noust,0.0
novae,2.58
novas,2.06
novel,4.68
novia,0.0
novio,1.32
novum,2.64
noway,1.7
nowds,0.0
nowed,0.73
nowls,0.0
nowts,0.0
nowty,0.0
noxal,1.08
noxas,0.0
noxes,0.0
noyau,1.58
noyed,0.0
noyes,3.26
nrtta,0.0
nrtya,0.0
nsima,0.74
nubby,1.55
nubia,2.79
nucha,1.35
nucin,0.0
nuddy,0.56
nuder,0.0
nudes,0.0
nudge,2.84
nudgy,0.0
nudie,1.38
nudzh,0.0
nuevo,0.0
nuffs,0.0
nugae,1.4
nujol,1.93
nuked,0.0
nukes,0.0
nulla,2.76
nullo,2.15
nulls,0.0
nully,0.0
numbs,0.0
numen,2.08
nummy,0.0
numps,1.04
nunks,0.12
nunky,0.71
nunny,0.0
nunus,0.0
nuque,0.0
nurds,0.0
nurdy,0.0
nurls,0.0
nurrs,0.0
nurse,4.47
nurts,0.0
nurtz,0.0
nused,0.0
nuses,0.0
nutso,0.0
nutsy,1.01
nutty,2.62
nyaff,0.0
nyala,1.66
nyams,0.0
nying,1.46
nylon,3.58
nymph,3.22
nyong,0.0
nyssa,2.53
nyung,0.0
nyuse,0.0
nyuze,0.0
oafos,0.0
oaked,1.23
oaken,2.69
oaker,0.85
oakum,2.4
oared,2.13
oarer,0.0
oasal,0.0
oases,0.0
oasis,3.32
oasts,0.0
oaten,2.13
oater,1.07
oaths,0.0
oaves,0.0
obang,0.38
obbos,0.0
obeah,2.05
obeli,0.0
obese,3.36
obeys,0.0
obias,0.0
obied,0.0
obiit,0.0
obits,0.0
objet,2.27
oboes,0.0
obole,0.63
oboli,0.0
obols,0.0
occam,2.41
occur,5.01
ocean,4.7
ocher,2.46
oches,0.0
ochre,3.01
ochry,0.86
ocker,1.66
ocote,0.96
ocrea,0.92
octad,0.92
octal,2.44
octan,1.22
octas,0.0
octet,2.63
octic,0.76
octli,0.63
octyl,0.0
oculi,0.0
odahs,0.0
odals,0.0
odder,2.13
oddly,3.48
odeon,2.4
odeum,1.45
odism,0.0
odist,1.3
odium,2.88
odoom,0.48
odors,0.0
odour,3.45
odums,0.0
odyle,0.0
odyls,0.0
ofays,0.0
offal,2.91
offed,0.0
offer,5.01
offie,0.0
oflag,1.17
often,5.53
ofter,0.0
ofuro,0.0
ogams,0.0
ogeed,0.0
ogees,0.0
oggin,0.0
ogham,1.97
ogive,2.06
ogled,0.0
ogler,0.72
ogles,0.0
ogmic,0.17
ogres,0.0
ohelo,0.78
ohias,0.0
ohing,0.0
ohmic,2.87
ohone,0.79
oicks,0.0
oidia,0.0
oiled,3.22
oiler,2.69
oilet,0.63
oinks,0.0
oints,0.0
oiran,0.77
ojime,0.89
okapi,1.79
okays,0.0
okehs,0.0
okies,0.0
oking,0.0
okole,0.0
okras,0.0
okrug,1.89
oktas,0.0
olate,0.0
olden,3.21
older,4.85
oldie,1.68
oldly,0.4
olehs,0.0
oleic,2.92
olein,1.94
olent,1.09
oleos,0.0
oleum,2.51
oleyl,0.0
oligo,2.44
olios,0.0
oliva,2.53
olive,4.17
ollas,0.0
ollav,0.0
oller,2.05
ollie,0.0
ology,2.42
olona,0.0
olpae,0.0
olpes,0.0
omasa,0.0
omber,0.76
ombre,2.22
ombus,0.0
omdah,0.26
omdas,0.0
omdda,0.0
omdeh,0.58
omees,0.0
omega,3.44
omens,0.0
omers,0.0
omiai,0.0
omits,0.0
omlah,0.0
ommel,0.0
ommin,0.0
omnes,0.0
omovs,0.0
omrah,1.49
omuls,0.0
oncer,0.0
onces,0.0
oncet,1.45
oncus,0.0
ondes,0.0
ondol,0.87
onely,3.05
oners,0.0
onery,1.01
ongon,0.79
onion,3.82
onium,1.76
onkus,0.0
onlap,0.0
onlay,1.73
onmun,0.2
onned,0.0
onsen,1.7
onset,4.18
ontal,1.04
ontic,2.18
ooaas,0.0
oobit,0.0
oohed,0.0
ooids,0.0
oojah,0.0
oomph,1.86
oonts,0.0
oopak,0.0
ooped,0.0
oopsy,0.0
oorie,0.01
ooses,0.0
ootid,0.79
ooyah,0.0
oozed,0.0
oozes,0.0
oozie,0.0
oozle,0.0
opahs,0.0
opals,0.0
opens,0.0
opepe,0.8
opera,4.32
opery,0.0
opgaf,0.0
opihi,1.02
opine,2.35
oping,0.0
opium,3.89
oppos,0.0
opsat,0.0
opsin,2.02
opsit,0.14
opted,0.0
opter,0.0
optic,3.88
opzit,0.0
orach,1.62
oracy,1.46
orals,0.0
orang,2.76
orans,1.48
orant,0.0
orate,2.16
orbat,0.0
orbed,1.93
orbic,0.85
orbit,4.09
orcas,0.0
orcin,0.0
order,5.8
ordie,0.0
ordos,0.0
oread,1.76
orfes,0.0
orful,1.17
organ,4.46
orgia,1.27
orgic,0.0
orgue,0.0
oribi,1.46
oriel,2.88
origo,0.0
orixa,0.0
orles,0.0
orlon,1.8
orlop,1.67
ormer,1.93
ornee,0.0
ornis,1.64
orped,0.0
orpin,1.24
orris,2.35
ortet,0.86
ortho,3.2
orval,0.0
orzos,0.0
osars,0.0
oscar,3.89
osetr,0.0
oseys,0.0
oshac,0.0
osier,2.68
oskin,0.0
oslin,0.0
osmic,2.27
osmol,0.98
osone,0.0
ossia,1.5
ostia,0.0
otaku,0.0
otary,0.98
other,6.32
othyl,0.0
otium,1.92
ottar,1.7
otter,3.45
ottos,0.0
oubit,0.25
ouche,0.0
oucht,0.6
oueds,0.0
ouens,0.0
ought,4.92
ouija,2.1
oulks,0.0
oumas,0.0
ounce,3.92
oundy,0.0
oupas,0.0
ouped,0.0
ouphe,0.0
ouphs,0.0
ourey,0.0
ourie,0.48
ousel,1.46
ousia,0.0
ousts,0.0
outby,1.66
outdo,2.66
outed,1.95
outen,1.88
outer,4.65
outgo,2.53
outie,0.0
outre,2.42
outro,1.65
outta,2.73
ouzel,1.82
ouzos,0.0
ovals,0.0
ovary,3.71
ovate,3.54
ovels,0.0
ovens,0.0
overs,0.0
overt,3.72
ovine,2.55
ovism,0.0
ovist,0.0
ovoid,3.15
ovoli,0.0
ovolo,1.75
ovule,2.73
oware,0.84
owari,0.0
owche,0.0
owers,0.0
owies,0.0
owing,4.6
owled,0.0
owler,1.25
owlet,1.85
owned,4.82
owner,4.92
ownio,0.0
owres,0.0
owrie,0.0
owsen,0.64
oxbow,2.44
oxeas,0.0
oxers,0.0
oxeye,1.37
oxide,4.4
oxids,0.0
oxies,0.0
oxime,2.5
oxims,0.0
oxine,0.0
oxlip,1.24
oxman,0.0
oxmen,0.0
oxter,0.96
oyama,2.26
oyers,0.0
ozeki,0.0
ozena,1.64
ozone,3.89
ozzie,2.36
paaho,0.0
paals,0.0
paans,0.0
pacai,0.0
pacas,0.0
pacay,0.33
paced,3.47
pacer,2.44
paces,0.0
pacey,1.99
pacha,2.7
packs,0.0
packy,0.0
pacos,1.18
pacta,0.0
pacts,0.0
padam,0.0
padas,0.0
paddo,0.65
paddy,3.6
padis,0.0
padle,0.25
padma,2.55
padou,0.07
padre,3.22
padri,1.68
paean,2.47
paedo,0.0
paeon,1.41
pagan,3.8
paged,2.62
pager,2.57
pages,0.0
pagle,0.41
pagne,1.41
pagod,1.2
pagri,1.11
pahit,0.57
pahos,0.0
pahus,0.0
paiks,0.0
pails,0.0
pains,4.14
paint,4.43
paipe,0.0
paips,0.0
paire,0.0
pairs,0.0
paisa,2.01
paise,2.51
pakay,0.0
pakka,0.0
pakki,0.76
pakua,0.53
pakul,0.0
palak,0.0
palar,1.54
palas,1.94
palay,2.21
palea,2.34
paled,2.81
paler,3.4
pales,2.67
palet,1.71
palis,1.6
palki,0.0
palla,2.06
palls,0.0
pallu,0.0
pally,1.99
palms,0.0
palmy,2.32
palpi,3.1
palps,0.0
palsa,0.0
palsy,3.39
palus,1.84
pamby,1.81
pampa,2.57
panax,2.01
pance,0.98
panch,2.14
panda,2.81
pands,0.0
pandy,1.83
paned,2.08
panel,4.61
panes,3.13
panga,1.7
pangs,0.0
panic,4.06
panim,1.32
panir,0.0
panko,0.0
panks,0.0
panna,0.0
panne,1.9
panni,0.0
panny,1.25
pansy,2.78
panto,1.8
pants,3.86
panty,2.3
paoli,0.0
paolo,3.26
papad,0.0
papal,3.78
papas,2.26
papaw,1.97
paper,5.41
papes,0.0
papey,0.66
pappi,0.0
pappy,2.42
papri,0.0
parae,0.0
paras,0.0
parch,1.97
parcs,0.0
pardi,0.0
pards,0.0
pardy,0.0
pared,3.1
paren,1.89
pareo,0.93
parer,1.83
pares,2.53
pareu,1.01
parev,0.0
parge,0.86
pargo,1.24
parid,0.0
paris,4.95
parka,2.52
parki,0.0
parks,4.33
parky,1.3
parle,2.56
parly,2.36
parma,0.0
parmo,0.0
parms,0.0
parol,3.47
parps,0.0
parra,0.0
parrs,0.0
parry,3.51
parse,2.84
parte,3.88
parti,3.16
parts,5.31
party,5.43
parve,1.26
parvo,2.0
pasag,0.0
pasar,2.01
pasch,2.14
paseo,2.56
pases,0.0
pasha,3.45
pashm,0.87
paska,0.0
pasmo,1.07
paspy,0.0
passe,3.0
passu,0.0
pasta,3.43
paste,3.94
pasts,0.0
pasty,2.78
patas,1.81
patch,4.06
pated,2.26
patee,1.38
patel,0.0
paten,2.41
pater,3.21
pates,0.0
paths,4.21
patia,0.0
patin,1.93
patio,3.33
patka,0.97
patly,0.89
patsy,3.06
patta,0.0
patte,1.87
pattu,0.0
patty,3.29
patus,0.0
pauas,0.0
pauls,0.0
pause,4.13
pauxi,0.42
pavan,2.06
pavas,0.91
paved,3.76
paven,1.24
paver,2.37
paves,2.47
pavid,1.08
pavie,1.58
pavin,1.58
pavis,1.55
pavon,1.79
pavvy,0.0
pawas,0.0
pawaw,0.0
pawed,2.36
pawer,1.03
pawks,0.0
pawky,1.39
pawls,0.0
pawns,2.79
paxes,0.0
payed,0.0
payee,3.54
payer,3.23
payor,3.02
paysd,0.0
peace,5.12
peach,3.78
peage,0.96
peags,0.0
peake,0.0
peaks,0.0
peaky,1.61
peals,0.0
peans,0.0
peare,1.8
pearl,4.1
pears,0.0
peart,2.39
pease,3.3
peasy,1.28
peats,0.0
peaty,2.62
peavy,1.96
peaze,0.46
pebas,0.0
pecan,3.08
pechs,0.0
pecia,1.2
pecke,0.0
pecks,0.0
pecky,1.23
pects,0.0
pedal,3.47
pedes,2.19
pedis,0.0
pedon,0.0
pedos,0.0
pedro,3.83
peece,2.23
peeks,0.0
peeky,0.5
peels,0.0
peely,0.0
peens,0.0
peent,0.63
peeoy,0.0
peepe,0.0
peeps,0.0
peepy,1.19
peers,0.0
peery,2.13
peeve,1.7
peevo,0.0
peggy,3.53
peghs,0.0
pegma,0.98
pegos,0.0
peine,2.3
peins,0.0
peise,0.75
peisy,0.0
peize,0.69
pekan,1.47
pekau,0.0
pekea,0.07
pekes,0.0
pekid,0.0
pekin,3.02
pekoe,1.76
pelas,0.0
pelau,0.0
pelch,0.41
peles,0.0
pelfs,0.0
pells,0.0
pelma,0.4
pelog,0.0
pelon,1.33
pelsh,0.0
pelta,1.47
pelts,0.0
pelus,0.0
penal,4.07
pence,3.59
pends,0.0
pendu,0.0
pened,0.0
penes,2.04
pengo,1.68
penie,0.0
penis,3.64
penks,0.0
penna,3.16
penne,2.24
penni,1.69
penny,4.01
pense,2.54
pensy,0.46
pents,0.0
peola,0.0
peons,0.0
peony,2.66
pepla,0.0
peple,2.04
pepon,0.0
pepos,0.0
peppy,1.99
pepsi,2.91
pequi,0.0
perae,0.0
perai,0.87
perce,2.84
perch,3.53
percs,0.0
perdu,2.33
perdy,1.22
perea,0.0
peres,0.0
perfs,0.0
peril,3.81
peris,1.98
perks,0.0
perky,2.46
perle,2.44
perls,0.0
perms,0.0
permy,0.0
perne,1.46
perns,0.0
perog,0.0
perps,0.0
perry,4.11
perse,2.72
persp,1.58
perst,0.0
perts,0.0
perve,0.0
pervo,0.0
pervs,0.0
pervy,1.11
pesch,0.0
pesky,2.44
pesos,0.0
pesta,1.41
pesto,2.5
pests,0.0
pesty,1.14
petal,3.09
petar,2.04
peter,4.85
petit,3.55
petos,0.0
petre,2.65
petri,3.31
petti,1.84
petto,1.76
petty,4.04
pewed,0.0
pewee,2.0
pewit,1.06
peyse,0.27
pfftt,0.0
phage,3.3
phang,1.72
phare,2.23
pharm,3.34
phase,5.04
phasm,0.25
pheer,0.1
pheme,1.26
phene,1.64
pheon,0.9
phese,0.89
phial,2.54
phies,0.0
phish,0.0
phizz,0.49
phlox,2.56
phobe,1.11
phoca,2.17
phone,4.8
phono,2.42
phons,0.0
phony,2.96
phooh,0.0
phooo,0.0
phota,0.0
photo,4.42
phots,0.0
photy,0.0
phpht,0.0
phubs,0.0
phuts,0.0
phutu,0.0
phwat,0.95
phyla,2.46
phyle,1.61
phyma,0.44
phynx,0.0
physa,1.98
piais,0.0
piani,0.0
piano,4.24
pians,0.0
pibal,0.0
pical,1.61
picas,0.0
piccy,1.14
picey,0.0
pichi,1.45
picks,0.0
picky,2.38
picon,1.81
picot,2.39
picra,0.74
picul,2.29
piece,4.91
pieds,0.0
piend,0.16
piers,0.0
piert,0.85
pieta,2.33
piets,0.0
piety,3.87
piezo,2.5
piggy,2.66
pight,1.43
pigly,0.0
pigmy,2.43
piing,0.0
pikas,0.0
pikau,0.0
piked,1.55
pikel,0.69
piker,1.69
pikes,0.0
pikey,0.0
pikis,0.0
pikul,0.0
pilae,0.0
pilaf,1.99
pilao,0.52
pilar,2.76
pilau,1.48
pilaw,0.62
pilch,2.02
pilea,1.36
piled,3.73
pilei,1.46
piler,1.63
piles,3.91
piley,0.0
pilin,0.0
pilis,0.0
pills,0.0
pilon,2.15
pilot,4.5
pilow,0.0
pilum,0.0
pilus,1.97
pimas,0.0
pimps,0.0
pinas,0.0
pinax,1.35
pince,2.21
pinch,3.66
pinda,0.0
pinds,0.0
pined,2.51
piner,0.0
pines,0.0
piney,2.64
pinga,1.09
pinge,0.93
pingo,0.0
pings,0.0
pinko,1.34
pinks,0.0
pinky,2.63
pinna,2.67
pinny,1.5
pinol,0.0
pinon,2.28
pinot,2.71
pinta,0.0
pinto,3.17
pints,0.0
pinup,1.66
pions,0.0
piony,0.67
pious,3.91
pioye,0.0
pioys,0.0
pipal,1.83
pipas,0.92
piped,3.23
piper,3.58
pipes,0.0
pipet,2.62
pipid,0.0
pipis,0.0
pipit,2.17
pippy,1.28
pipul,0.63
pique,2.81
piqui,0.66
pirai,0.78
pirks,0.0
pirls,0.0
pirns,0.0
pirog,1.12
pirre,0.89
pirri,0.0
pirrs,0.0
pisco,2.04
pises,0.0
pisky,0.74
pisos,0.0
pissy,1.65
piste,1.86
pitas,0.0
pitch,4.28
piths,0.0
pithy,2.75
piton,1.95
pitot,2.7
pitso,1.14
pitsu,0.0
pitta,2.33
pittu,0.0
piuma,0.0
piums,0.0
pivos,0.0
pivot,3.59
pixel,3.55
pixes,0.0
pixie,2.47
piyut,0.6
pized,0.0
pizer,0.0
pizes,0.0
pizza,3.56
plaas,1.43
place,5.73
plack,1.72
plaga,1.54
plage,2.22
plaid,3.02
plaig,0.12
plain,4.77
plait,2.67
planc,1.32
plane,4.76
planh,0.73
plank,3.65
plans,0.0
plant,5.3
plaps,0.0
plash,2.05
plasm,2.65
plast,2.89
plate,4.93
plats,0.0
platt,3.3
platy,2.57
plaud,0.92
plaur,0.1
plavs,0.0
playa,2.87
plays,4.58
plaza,3.91
plead,3.84
pleas,0.0
pleat,2.24
plebe,1.98
plebs,2.48
pleck,0.0
pleep,0.0
plein,2.35
plena,0.0
plene,1.82
pleno,0.0
pleon,0.0
plesh,0.5
plets,0.0
plews,0.0
plexi,0.0
plica,2.12
plied,3.16
plier,1.91
plies,0.0
pligs,0.0
plims,0.0
pling,1.88
plink,1.6
plips,0.0
plish,0.0
ploat,0.0
ploce,1.66
plock,1.76
plods,0.0
ploit,0.0
plomb,1.68
plong,0.82
plonk,1.69
plook,0.12
ploot,0.25
plops,0.0
plore,1.44
plots,0.0
plotz,1.74
plouk,0.0
plout,0.42
plows,0.0
plowt,0.0
ploye,1.22
ploys,0.0
pluck,3.34
pluds,0.0
plues,0.0
pluff,0.88
plugs,0.0
pluke,0.0
plumb,3.27
plume,3.53
plump,3.39
plums,0.0
plumy,1.66
plung,0.0
plunk,2.03
pluot,0.0
plups,0.0
plush,3.09
plute,0.0
pluto,3.17
pluty,0.0
plyer,0.99
pneus,0.85
poach,2.25
poaka,0.0
poake,0.24
poalo,0.0
pobby,0.24
poboy,0.0
pocan,1.15
poche,2.01
pocho,1.36
pocks,0.0
pocky,1.21
podal,0.83
poddy,1.13
podex,0.0
podge,2.18
podgy,1.65
podia,1.71
podos,0.0
podus,0.0
poems,0.0
poena,0.0
poeps,0.0
poesy,2.71
poete,0.0
poets,0.0
pogey,0.88
pogge,1.97
poggy,0.66
pogos,0.0
pogue,0.0
pohed,0.0
poilu,1.6
poind,1.25
point,5.66
poire,1.61
poise,3.14
pokal,0.68
poked,3.22
poker,3.4
pokes,0.0
pokey,2.08
pokie,0.0
pokit,0.0
polar,4.11
poled,2.3
poler,1.1
poles,0.0
poley,1.93
polio,3.17
polis,2.99
polje,0.0
polka,2.82
polks,0.0
pollo,1.93
polls,3.73
polly,3.56
polos,1.97
polts,0.0
polyp,2.82
polys,1.68
pomas,0.0
pombe,2.19
pomes,0.0
pomme,2.05
pommy,1.22
pomos,0.0
pompa,1.87
pomps,0.0
ponce,3.06
poncy,1.39
ponds,0.0
pondy,1.47
pones,0.0
poney,1.54
ponga,1.38
pongo,2.14
pongs,0.0
pongy,0.48
ponks,0.0
ponor,0.0
ponto,2.2
ponts,0.0
ponty,2.86
ponzu,0.0
pooay,0.0
pooch,2.03
poods,0.0
pooed,0.0
pooey,0.53
poofs,0.0
poofy,1.02
poohs,0.0
poohy,0.0
pooja,0.0
pooka,1.48
pooks,0.0
pools,0.0
pooly,0.81
poons,0.0
poopa,0.0
poops,0.0
poopy,0.0
poori,0.0
poort,1.92
poots,0.0
pooty,1.38
poove,0.0
poovy,0.0
popes,0.0
popia,0.0
popos,0.0
poppa,0.0
poppy,3.38
popsy,1.3
popup,2.18
porae,0.0
poral,1.77
porch,3.94
pored,2.47
porer,0.86
pores,0.0
porey,0.0
porge,0.74
porgy,2.39
porin,0.0
porks,0.0
porky,2.11
porno,2.32
porns,0.0
porny,0.57
porta,3.16
porte,3.38
porth,0.0
ports,0.0
porty,1.44
porus,0.0
posca,0.0
posed,4.02
poser,2.34
poses,0.0
poset,0.0
posey,2.8
posho,0.0
posit,3.06
posol,0.0
posse,3.06
poste,2.55
posts,0.0
potae,0.0
potai,0.0
potch,1.89
poted,0.0
potes,0.0
potin,0.0
potoo,0.74
potro,1.01
potsy,0.9
potto,1.57
potts,0.0
potty,2.49
pouce,1.7
pouch,3.51
pouff,0.66
poufs,0.0
poufy,0.0
pouis,0.0
pouke,0.54
pouks,0.0
poule,1.89
poulp,0.63
poult,2.31
pound,4.54
poupe,0.0
poupt,0.0
pours,0.0
pousy,0.0
pouts,0.0
pouty,1.9
povos,0.0
powan,1.0
power,5.73
powie,0.49
powin,0.09
powis,0.0
powlt,0.0
pownd,1.03
powns,0.0
powny,0.0
powre,1.95
powsy,0.0
poxed,0.93
poxes,0.0
poyas,0.0
poynt,0.0
poyou,0.0
poyse,0.36
pozzy,0.0
praam,0.83
prads,0.0
prags,0.0
prahu,1.48
prams,0.0
prana,2.44
prang,2.19
prank,2.78
praos,0.0
praps,1.21
prase,1.39
prate,2.38
prats,0.0
pratt,3.84
praty,1.14
praus,0.0
prawn,2.77
prays,0.0
preak,0.58
predy,0.27
preed,0.0
preem,0.98
preen,2.22
prees,1.54
preif,0.76
preke,0.0
prems,0.0
premy,0.24
prent,1.74
preon,0.0
preop,1.6
preps,0.0
presa,0.0
prese,2.07
press,5.38
prest,2.88
preta,0.0
preux,1.95
preve,1.53
prexy,1.64
preys,2.42
prial,1.06
prian,0.96
price,5.39
prick,3.23
pricy,1.18
pride,4.48
pridy,0.18
pried,2.67
prief,1.24
prier,1.83
pries,2.21
prigs,0.0
prill,1.85
prima,3.9
prime,4.7
primi,0.0
primo,2.97
primp,1.37
prims,0.0
primy,0.71
pring,2.41
prink,1.29
print,4.61
prion,2.58
prior,5.14
prise,2.77
prism,3.64
priss,0.0
prius,2.82
privy,3.93
prize,4.41
proal,1.21
proas,0.0
probe,4.1
probs,0.0
proby,1.87
prodd,0.51
prods,0.0
proem,2.24
profs,0.0
progs,0.0
proin,2.04
proke,0.43
prole,1.91
proll,1.19
promo,2.51
proms,0.0
prone,3.92
prong,3.01
pronk,1.63
proof,4.88
prook,0.0
proot,1.47
props,3.35
prora,1.11
prore,1.17
prose,4.16
proso,0.0
pross,2.13
prost,2.16
prosy,2.16
proto,3.37
proud,4.44
proul,0.0
prove,4.86
prowk,0.0
prowl,2.65
prows,0.0
proxy,3.76
proyn,0.0
prude,2.31
prune,3.17
pruno,0.79
prunt,0.43
pruny,0.0
pruta,0.0
pryan,0.36
pryer,1.85
pryse,1.9
psalm,3.84
pseud,2.92
pshaw,2.37
pshut,0.0
psias,0.0
psion,0.0
psoae,0.0
psoai,0.0
psoas,2.54
psora,1.6
psych,2.97
psyop,1.79
ptish,0.0
ptype,1.47
pubby,0.94
pubco,0.0
pubes,2.44
pubic,3.13
pubis,3.02
pubsy,0.0
pucan,0.0
pucer,0.0
puces,0.0
pucka,1.44
pucks,0.0
puddy,1.32
pudge,1.73
pudgy,2.43
pudic,1.76
pudor,1.7
pudsy,0.0
pudus,0.0
puers,0.0
puffa,0.0
puffs,0.0
puffy,2.87
puggy,1.3
pugil,0.99
puhas,0.0
pujah,0.65
pujas,0.0
pukas,0.0
puked,1.83
puker,0.45
pukes,0.0
pukey,0.0
pukka,1.7
pukus,0.0
pulao,1.08
pulas,0.69
puled,0.79
puler,0.98
pules,0.0
pulik,0.0
pulis,0.0
pulka,0.8
pulks,0.0
pulli,1.42
pulls,3.67
pully,0.0
pulmo,1.55
pulps,0.0
pulpy,2.54
pulse,4.44
pulus,0.0
pulut,0.63
pumas,0.0
pumie,0.0
pumps,0.0
pumpy,0.0
punas,0.0
punce,0.31
punch,3.96
punga,1.35
pungi,0.75
pungo,0.0
pungs,0.0
pungy,0.59
punim,0.0
punji,1.25
punka,1.05
punks,2.39
punky,1.74
punny,0.84
punto,2.3
punts,0.0
punty,1.24
pupae,3.09
pupal,2.88
pupas,0.88
pupil,4.31
puppa,0.0
puppy,3.41
pupus,0.0
purao,0.0
purau,0.74
purda,0.0
purdy,3.02
pured,0.72
puree,2.83
purer,3.25
pures,0.0
purga,1.37
purge,3.44
purin,0.0
puris,0.0
purls,0.0
puros,0.0
purps,0.0
purpy,0.0
purre,0.76
purrs,0.0
purry,0.0
purse,3.91
pursy,1.5
purty,2.21
puses,0.0
pushy,2.44
pusle,0.14
pussy,3.32
putas,0.0
puter,2.29
putid,0.28
putin,3.03
puton,1.27
putos,0.0
putti,2.19
putto,1.78
putts,0.0
puttu,0.0
putty,2.99
putza,0.0
puuko,0.0
puyas,0.0
puzel,0.27
puzta,0.0
pwned,0.0
pyats,0.0
pyets,0.0
pygal,0.94
pygmy,2.69
pyins,0.0
pylon,2.59
pyned,0.0
pynes,0.0
pyoid,0.29
pyots,0.0
pyral,0.71
pyran,0.0
pyres,0.0
pyrex,2.74
pyric,0.0
pyros,0.0
pyrus,2.36
pyuff,0.0
pyxed,0.0
pyxes,0.0
pyxie,0.51
pyxis,1.83
pzazz,0.0
qadis,0.0
qaids,0.0
qajaq,0.0
qanat,1.39
qapik,0.0
qibla,1.76
qilas,0.0
qipao,0.0
qophs,0.0
qorma,0.0
quabs,0.0
quack,3.0
quads,0.0
quaff,2.14
quags,0.0
quail,3.42
quair,1.66
quais,0.0
quake,2.96
quaky,0.78
quale,2.43
qualm,2.23
qualy,0.0
quank,0.46
quant,2.88
quare,2.62
quark,3.3
quarl,0.97
quart,3.72
quash,3.16
quasi,4.04
quass,1.29
quate,2.41
quats,0.0
quawk,0.4
quaws,0.0
quayd,0.0
quays,2.9
qubit,0.0
quean,1.73
queck,0.76
queek,0.0
queem,0.0
queen,4.83
queer,3.76
quell,3.02
queme,0.69
quena,0.0
quern,2.49
query,4.02
queso,0.0
quest,4.06
quete,1.0
queue,3.6
queyn,0.0
queys,0.0
queyu,0.0
quibs,0.0
quich,0.71
quick,4.64
quids,0.0
quies,0.0
quiet,4.64
quiff,1.34
quila,0.0
quill,3.22
quilt,3.36
quims,0.0
quina,1.87
quine,2.88
quink,0.0
quino,1.28
quins,0.0
quint,2.7
quipo,0.48
quips,0.0
quipu,1.59
quire,2.91
quirk,2.92
quirl,0.36
quirt,1.93
quist,2.16
quite,5.32
quits,2.99
quoad,2.39
quods,0.4
quoif,0.42
quoin,2.09
quois,0.0
quoit,1.93
quoll,1.15
quonk,0.0
quops,0.0
quork,0.0
quorl,0.0
quota,3.98
quote,4.23
quoth,3.19
quouk,0.0
quoys,0.0
quran,3.01
qursh,0.0
quyte,0.0
raads,0.0
raake,0.0
rabat,2.69
rabbi,3.79
rabic,1.56
rabid,2.91
rabis,0.0
raced,3.54
racer,2.78
races,0.0
rache,1.74
racks,0.0
racon,1.54
radar,4.1
raddi,0.0
raddy,0.0
radge,0.0
radgy,0.0
radif,0.0
radii,3.46
radio,4.86
radix,2.7
radon,3.35
rafee,0.0
raffs,0.0
raffy,1.4
rafik,1.64
rafiq,0.0
rafts,3.15
rafty,0.14
ragas,0.0
ragde,0.0
raged,3.34
ragee,0.21
rager,1.63
rages,0.0
ragga,0.0
raggs,0.0
raggy,1.3
ragis,0.0
ragus,0.0
rahed,0.0
rahui,0.0
raiah,0.37
raias,0.0
raids,0.0
raike,1.08
raiks,0.0
raile,0.0
rails,4.05
raine,2.86
rains,3.94
rainy,3.75
raird,0.42
raise,4.72
raita,1.51
raith,1.87
raits,0.0
rajah,3.18
rajas,0.0
rajes,0.0
raked,3.08
rakee,0.35
raker,2.52
rakes,0.0
rakhi,0.0
rakia,0.99
rakis,0.0
rakki,0.0
raksi,0.0
rakus,0.0
rales,0.0
ralli,0.0
rally,3.71
ralph,4.26
ramal,1.47
ramee,1.57
ramen,2.01
rames,1.75
ramet,1.85
ramie,2.58
ramin,1.83
ramis,0.0
rammy,0.82
ramon,3.28
ramps,3.15
ramse,0.0
ramsh,0.0
ramus,3.09
ranas,0.0
rance,2.72
ranch,4.02
rando,0.0
rands,0.0
randy,3.42
raned,0.0
ranee,2.49
ranes,0.0
ranga,0.0
range,5.29
rangi,0.0
rangs,0.0
rangy,2.14
ranid,1.17
ranis,0.0
ranke,0.0
ranks,0.0
ranns,0.0
ranny,1.72
ranse,1.43
rants,0.0
ranty,1.49
raped,3.29
rapee,1.58
raper,2.47
rapes,0.0
raphe,2.69
rapid,4.81
rapin,2.3
rappe,0.0
rapso,0.0
rared,0.0
raree,0.0
rarer,3.19
rares,0.0
rarks,0.0
rasam,0.0
rasas,0.0
rased,1.85
raser,1.54
rases,0.0
rasps,0.0
raspy,2.46
rasse,1.62
rasta,2.08
ratal,1.55
ratan,2.23
ratas,0.0
ratch,1.4
rated,4.16
ratel,1.66
rater,2.8
rates,5.27
ratha,0.0
rathe,2.0
raths,0.0
ratio,4.92
ratoo,0.0
ratos,0.0
ratti,0.0
ratty,2.3
ratus,0.0
rauli,0.82
rauns,0.0
raupo,1.19
raved,2.55
ravel,2.8
raven,3.65
raver,2.05
raves,0.0
ravey,0.0
ravin,1.97
rawdy,0.0
rawer,1.61
rawin,0.0
rawks,0.0
rawly,1.45
rawns,0.0
raxed,0.0
raxes,0.0
rayah,1.42
rayas,0.0
rayed,2.73
rayle,1.49
rayls,0.0
rayne,2.45
rayon,3.39
razai,0.0
razed,2.85
razee,1.4
razer,1.12
razes,0.0
razet,0.0
razoo,0.0
razor,3.5
reach,4.92
react,4.05
readd,0.0
reads,0.0
ready,5.02
reais,0.0
reaks,0.96
realm,4.24
realo,0.0
reals,0.0
reame,1.45
reams,0.0
reamy,1.45
reans,0.0
reaps,0.0
reard,1.33
rearm,2.11
rears,0.0
reast,1.32
reata,1.61
reate,0.0
reave,1.52
rebab,1.35
rebar,0.0
rebbe,2.47
rebec,1.65
rebel,3.92
rebid,1.71
rebit,0.0
rebop,0.61
rebud,0.0
rebus,2.91
rebut,3.13
rebuy,1.35
recal,2.41
recap,2.65
recce,2.08
recco,1.22
reccy,0.26
recep,2.06
recit,0.0
recks,1.72
recon,2.88
recta,0.0
recte,2.17
recti,2.47
recto,2.83
recue,0.0
recur,3.39
recut,2.05
redan,2.1
redds,0.0
reddy,3.21
reded,0.0
redes,0.0
redia,1.63
redid,0.0
redif,1.11
redig,1.21
redip,0.43
redly,1.84
redon,0.0
redos,0.61
redox,3.31
redry,0.0
redub,0.14
redug,0.0
redux,2.24
redye,1.04
reeaf,0.0
reech,1.18
reede,1.85
reeds,0.0
reedy,2.81
reefs,0.0
reefy,1.09
reeks,2.37
reeky,1.0
reels,0.0
reely,1.67
reems,0.0
reens,0.0
reerd,0.0
reest,0.88
reeve,3.24
reeze,1.34
refan,1.04
refed,0.0
refel,0.82
refer,4.75
reffo,0.0
refis,0.0
refit,2.58
refix,1.18
refly,0.69
refry,0.11
regal,3.36
regar,0.0
reges,2.02
reget,0.91
regex,0.0
reggo,0.0
regia,0.0
regie,2.21
regle,1.37
regma,0.95
regna,0.0
regos,0.0
regot,0.0
regur,1.27
rehab,3.03
rehem,0.0
reifs,0.0
reify,2.09
reign,4.4
reiki,0.0
reiks,0.0
reine,2.77
reing,1.48
reink,0.24
reins,3.55
reird,0.24
reist,1.73
reive,1.06
rejas,0.0
rejig,0.68
rejon,0.0
reked,0.0
rekes,0.0
rekey,1.18
relax,3.89
relay,3.9
relet,1.99
relic,3.4
relie,1.71
relit,0.0
rello,0.0
relos,0.0
reman,1.81
remap,1.69
remen,1.51
remet,0.0
remex,1.25
remit,3.49
remix,2.17
remou,0.21
renal,4.26
renay,1.07
rends,0.0
rendu,2.45
renew,3.86
reney,0.0
renga,1.74
rengs,0.0
renig,0.48
renin,3.13
renks,0.0
renne,2.08
renos,0.0
rente,2.24
rents,0.0
reoil,0.0
reorg,0.0
repas,0.0
repat,0.87
repay,3.76
repeg,0.0
repel,3.34
repen,0.99
repin,1.85
repla,0.0
reply,4.67
repos,0.0
repot,1.93
repps,0.0
repro,2.47
repun,0.0
reput,1.11
reran,0.0
rerig,0.0
rerun,2.58
resam,0.51
resat,0.95
resaw,1.92
resay,0.27
resee,0.88
reses,0.0
reset,3.5
resew,0.51
resid,2.28
resin,4.02
resit,1.34
resod,0.0
resol,0.0
resow,0.86
resto,0.0
rests,0.0
resty,1.07
resue,0.0
resus,0.0
retag,0.0
retam,0.0
retax,0.0
retch,2.02
retem,0.6
retia,1.29
retie,1.38
retin,1.72
retip,0.04
retox,0.0
retro,2.95
retry,2.34
reune,0.68
reups,0.0
reuse,3.53
revel,3.11
revet,1.44
revie,1.91
revow,0.0
revue,3.56
rewan,0.0
rewax,0.0
rewed,0.9
rewet,1.24
rewin,0.69
rewon,0.0
rewth,0.24
rexes,0.0
rezes,0.0
rhabd,0.29
rheas,0.0
rheid,0.42
rheme,1.85
rheum,2.73
rhies,0.0
rhime,1.57
rhine,3.74
rhino,2.82
rhody,0.0
rhomb,1.99
rhone,3.07
rhumb,1.9
rhyme,3.61
rhymy,0.0
rhyne,2.21
rhyta,0.0
riads,0.0
rials,0.0
riant,1.83
riata,1.6
riato,0.0
ribas,0.0
ribby,1.18
ribes,2.53
riced,0.0
ricer,1.59
rices,0.0
ricey,0.78
riche,2.68
richt,2.28
ricin,2.28
ricks,0.0
rider,3.83
rides,0.0
ridge,4.42
ridgy,1.54
ridic,0.0
riels,0.0
riems,0.0
rieve,1.45
rifer,0.0
riffs,0.0
riffy,0.11
rifle,4.06
rifte,0.0
rifts,0.0
rifty,0.57
riggs,0.0
right,5.78
rigid,4.31
rigmo,0.0
rigol,0.83
rigor,3.28
rikka,1.05
rikwa,0.0
riled,2.41
riles,0.0
riley,3.83
rille,1.72
rills,0.0
rilly,1.11
rimae,0.48
rimed,1.81
rimer,2.03
rimes,0.0
rimon,1.49
rimus,0.0
rince,1.86
rinds,0.0
rindy,1.0
rines,0.0
ringe,2.06
rings,4.29
ringy,0.75
rinks,0.0
rinse,3.42
rioja,2.28
rione,1.27
riots,0.0
rioty,0.0
riped,0.78
ripen,3.21
riper,2.65
ripes,0.0
ripps,0.0
riqqs,0.0
risen,4.1
riser,3.08
rises,0.0
rishi,2.45
risks,0.0
risky,3.64
risps,0.0
rists,0.0
risus,0.0
rites,3.89
rithe,0.0
ritts,0.0
ritzy,1.83
rival,4.14
rivas,0.0
rived,2.37
rivel,1.15
riven,2.79
river,5.37
rives,0.0
rivet,3.26
riyal,1.67
rizas,0.0
roach,3.3
roads,4.75
roady,1.31
roake,0.0
roaky,0.0
roams,0.0
roans,0.0
roany,0.69
roars,0.0
roary,0.74
roast,3.59
roate,0.53
robbo,0.0
robed,2.95
rober,1.96
robes,0.0
robin,3.98
roble,1.91
robot,3.78
robug,0.0
robur,0.0
roche,3.45
rocks,0.0
rocky,4.22
roded,0.99
rodeo,3.03
rodes,0.0
rodny,0.0
roers,0.0
rogan,0.0
roger,4.27
rogue,3.44
roguy,0.0
rohan,0.0
rohes,0.0
rohun,0.0
rohus,0.0
roids,0.0
roils,0.0
roily,1.55
roins,0.0
roist,0.33
rojak,0.0
rojis,0.0
roked,0.0
roker,1.78
rokes,0.0
rokey,0.0
rokos,0.0
rolag,0.0
roleo,0.0
roles,0.0
rolfs,0.0
rolls,4.28
rolly,1.86
romal,0.74
roman,4.8
romeo,3.43
romer,2.86
romps,0.0
rompu,0.93
rompy,0.0
ronde,2.53
rondo,2.64
roneo,1.54
rones,0.0
ronin,2.12
ronne,1.99
ronte,1.2
ronts,0.0
ronuk,0.73
roods,0.0
roofs,0.0
roofy,0.02
rooks,0.0
rooky,1.44
rooms,4.7
roomy,2.86
roons,0.0
roops,0.0
roopy,0.22
roosa,2.17
roose,2.14
roost,3.08
roots,4.58
rooty,1.47
roped,2.61
roper,3.27
ropes,0.0
ropey,1.4
roque,2.62
roral,0.99
rores,0.0
roric,0.96
rorid,0.01
rorie,0.0
rorts,0.0
rorty,2.86
rosal,1.61
rosco,0.0
rosed,1.24
roses,0.0
roset,1.26
rosha,0.0
roshi,2.0
rosin,3.2
rosit,0.0
rosps,0.0
rossa,0.0
rosso,0.0
rosti,0.0
rosts,0.0
rotal,1.62
rotan,1.81
rotas,0.0
rotch,2.23
roted,1.04
rotes,0.0
rotis,0.0
rotls,0.0
roton,0.0
rotor,3.88
rotos,0.0
rotta,1.62
rotte,1.42
rotto,1.33
rotty,0.0
rouen,3.23
roues,0.0
rouet,1.46
roufs,0.0
rouge,3.77
rough,4.52
rougy,0.0
rouks,0.0
rouky,0.0
roule,1.81
rouls,0.0
roums,0.0
round,5.05
roups,0.0
roupy,0.67
rouse,3.51
roust,1.98
route,4.73
routh,2.55
routs,0.0
roved,2.63
roven,1.4
rover,3.28
roves,0.0
rowan,3.34
rowdy,2.84
rowed,3.18
rowel,1.76
rowen,2.33
rower,2.35
rowet,0.0
rowie,0.0
rowme,1.27
rownd,0.0
rowns,0.0
rowth,1.99
rowts,0.0
royal,4.96
royet,0.78
royne,1.51
royst,0.0
rozes,0.0
rozet,1.3
rozit,0.0
ruach,0.0
ruana,0.91
rubai,0.93
ruban,0.0
rubby,0.0
rubel,2.26
rubes,0.0
rubin,3.47
rubio,2.61
ruble,2.8
rubli,0.0
rubor,1.45
rubus,2.58
ruche,1.61
ruchy,0.0
rucks,0.0
rudas,1.2
rudds,0.0
ruddy,3.22
ruder,2.63
rudes,0.0
rudie,0.0
rudis,0.0
rueda,0.0
ruers,0.0
ruffe,1.65
ruffs,0.0
ruffy,1.35
rufus,3.46
rugae,2.16
rugal,0.0
rugas,0.0
rugby,3.42
ruggy,0.49
ruice,0.0
ruing,1.52
ruins,0.0
rukhs,0.0
ruled,4.3
ruler,4.06
rules,5.24
rully,0.0
rumal,0.95
rumba,2.15
rumbo,1.32
rumen,3.11
rumes,0.0
rumly,0.12
rummy,2.16
rumor,3.47
rumpo,0.0
rumps,0.0
rumpy,0.74
runce,0.0
runch,0.77
runds,0.0
runed,0.0
runer,0.76
runes,0.0
rungs,0.0
runic,2.52
runny,2.49
runos,0.0
runts,0.0
runty,1.49
runup,2.11
ruote,0.0
rupee,3.22
rupia,1.4
rural,4.92
rurps,0.0
rurus,0.0
rusas,0.0
ruses,0.0
rushy,1.82
rusks,0.0
rusky,0.85
rusma,0.19
russe,0.0
rusts,0.0
rusty,3.55
ruths,0.0
rutin,2.09
rutty,1.74
ruvid,0.0
ryals,0.0
rybat,0.0
ryiji,0.0
ryijy,0.46
ryked,0.0
rykes,0.0
rymer,2.61
rymme,0.0
rynds,0.0
ryoti,0.0
ryots,0.0
ryper,0.0
rypin,0.0
rythe,0.0
ryugi,0.0
saags,0.0
sabal,1.84
sabed,0.0
saber,2.87
sabes,0.0
sabha,3.33
sabin,2.94
sabir,1.82
sabji,0.4
sable,3.33
sabos,0.0
sabot,2.09
sabra,2.38
sabre,3.0
sabzi,1.11
sacks,0.0
sacra,3.01
sacre,2.4
saddo,0.0
saddy,0.0
sades,0.0
sadhe,0.37
sadhu,2.3
sadic,0.62
sadis,0.0
sadly,3.85
sados,0.0
sadza,1.09
saeta,1.25
safed,0.0
safer,3.84
safes,0.0
sagar,2.65
sagas,2.81
sager,2.56
sages,0.0
saggy,1.74
sagos,0.0
sagum,1.13
sahab,1.6
saheb,2.51
sahib,3.17
saice,0.99
saick,0.0
saics,0.0
saids,0.0
saiga,1.77
sails,0.0
saims,0.0
saine,2.17
sains,0.0
saint,4.52
sairs,0.0
saist,0.0
saith,3.79
sajou,0.46
sakai,2.81
saker,1.89
sakes,0.0
sakia,1.02
sakis,0.0
sakti,2.44
salad,3.83
salal,1.86
salas,0.0
salat,2.03
salep,1.51
sales,5.14
salet,0.0
salic,2.27
salis,0.0
salix,2.78
salle,3.42
sally,3.91
salmi,2.01
salol,2.18
salon,3.56
salop,2.8
salpa,1.77
salps,0.0
salsa,2.93
salse,1.5
salto,2.18
salts,0.0
salty,3.2
salud,2.39
salue,1.67
salut,2.2
salve,2.95
salvo,2.72
saman,2.12
samas,0.0
samba,2.7
sambo,2.44
samek,0.0
samel,1.43
samen,1.97
sames,0.0
samey,0.93
samfi,0.0
samfu,0.0
sammy,3.26
sampi,0.8
samps,0.0
sanad,1.98
sands,4.03
sandy,4.31
saned,0.0
saner,0.0
sanes,0.0
sanga,2.13
sangh,0.0
sango,1.97
sangs,0.0
sanko,1.64
sansa,1.5
santo,3.48
sants,0.0
saola,0.0
sapan,1.46
sapid,1.61
sapor,2.03
sappy,2.22
saran,2.6
sards,0.0
sared,0.0
saree,1.96
sarge,2.51
sargo,1.13
sarin,2.42
sarir,0.0
saris,0.0
sarks,0.0
sarky,0.76
sarod,1.32
saros,1.77
sarus,1.47
sarvo,0.0
saser,0.88
sasin,1.04
sasse,2.0
sassy,2.51
satai,0.32
satay,1.68
sated,2.66
satem,0.0
sater,1.91
sates,0.0
satin,3.53
satis,0.0
satyr,2.78
sauba,0.42
sauce,4.01
sauch,0.88
saucy,2.81
saugh,1.57
sauls,0.0
sault,3.16
sauna,2.86
saunf,0.0
saunt,1.22
saury,1.72
saute,2.65
sauts,0.0
sauve,2.12
saved,4.5
saver,3.03
saves,0.0
savey,1.02
savin,2.65
savor,2.95
savoy,3.4
savvy,3.02
sawah,1.71
sawed,3.15
sawer,1.79
saxes,0.0
sayas,0.0
sayed,0.0
sayee,0.0
sayer,2.7
sayid,0.0
sayne,1.1
sayon,0.0
sayst,0.0
sazes,0.0
scabs,0.0
scads,1.73
scaff,1.38
scags,0.0
scail,0.0
scala,3.0
scald,2.78
scale,5.09
scall,1.6
scalp,3.57
scaly,3.1
scamp,2.48
scams,0.0
scand,3.26
scans,3.44
scant,3.5
scapa,2.22
scape,3.04
scapi,0.0
scare,3.53
scarf,3.4
scarp,2.86
scars,0.0
scart,1.33
scary,3.32
scath,1.26
scats,0.0
scatt,1.42
scaud,0.17
scaup,2.16
scaur,1.5
scaws,0.0
sceat,0.0
scena,2.12
scend,1.41
scene,4.79
scent,3.83
schav,0.0
schif,0.0
schmo,0.92
schul,1.81
schwa,2.22
scifi,1.33
scind,1.07
scion,2.98
scire,2.84
sclim,0.0
scobe,0.35
scody,0.0
scoff,2.72
scogs,0.0
scold,2.92
scone,2.54
scoog,0.0
scoop,3.32
scoot,2.36
scopa,0.0
scope,4.72
scops,1.72
score,4.49
scorn,3.71
scorp,1.64
scote,0.82
scots,3.81
scoug,0.1
scoup,0.36
scour,3.17
scout,3.67
scowl,2.95
scowp,0.0
scows,0.0
scrab,0.42
scrae,0.15
scrag,1.61
scram,2.43
scran,1.66
scrap,4.02
scrat,0.93
scraw,0.57
scray,0.85
scree,2.49
screw,4.2
scrim,2.15
scrip,3.23
scrob,0.54
scrod,1.41
scrog,0.7
scroo,0.16
scrow,0.96
scrub,3.57
scrum,2.6
scuba,2.92
scudi,2.2
scudo,1.55
scuds,1.86
scuff,2.15
scuft,0.0
scugs,0.0
sculk,0.59
scull,2.54
sculp,2.12
sculs,0.0
scums,0.0
scups,0.0
scurf,2.12
scurs,0.0
scuse,1.78
scuta,1.75
scute,2.02
scuts,0.0
scuzz,0.56
scyes,0.0
sdayn,0.0
sdein,0.0
seals,0.0
seame,1.07
seams,0.0
seamy,2.21
seans,0.0
seare,1.32
sears,0.0
sease,1.95
seats,4.31
seaze,0.74
sebum,2.2
secco,1.92
sechs,0.0
sects,0.0
sedan,3.3
seder,2.53
sedes,0.0
sedge,2.92
sedgy,1.73
sedum,2.22
seeds,4.5
seedy,2.7
seeks,0.0
seeld,0.0
seels,0.0
seely,2.73
seems,0.0
seeps,0.0
seepy,1.19
seers,0.0
sefer,0.0
segar,2.2
segas,0.0
segni,0.0
segno,1.69
segol,0.0
segos,0.0
segue,2.08
sehri,0.0
seifs,0.0
seils,0.0
seine,3.56
seirs,0.41
seise,1.93
seism,1.9
seity,0.28
seiza,0.93
seize,3.92
sekos,0.0
sekts,0.0
selah,2.54
seles,1.81
selfs,0.0
selfy,0.0
selky,0.0
sella,0.0
selle,2.18
sells,0.0
selva,2.35
semas,0.0
semee,0.0
semen,3.41
semes,0.0
semie,0.34
semis,0.0
senas,0.0
sends,0.0
senes,0.0
senex,2.12
sengi,0.64
senna,2.68
senor,3.06
sensa,0.0
sense,5.3
sensi,0.0
sensu,0.0
sente,2.05
senti,0.0
sents,0.0
senvy,0.0
senza,2.27
sepad,0.0
sepal,2.44
sepia,2.85
sepic,1.12
sepoy,2.51
seppo,0.0
septa,3.17
septs,0.0
serac,1.27
serai,2.32
seral,2.26
sered,0.0
serer,1.53
seres,2.15
serfs,0.0
serge,3.13
seria,0.0
seric,1.44
serif,2.5
serin,1.87
serir,0.0
serks,0.0
seron,1.56
serow,1.52
serra,3.03
serre,2.34
serrs,0.0
serry,1.3
serum,4.42
serve,5.0
servo,3.26
sesey,0.0
sessa,1.95
setae,3.59
setal,2.12
seter,1.19
seths,0.0
seton,3.14
setts,0.0
setup,3.79
sevak,0.0
seven,5.1
sever,3.34
sevir,0.0
sewan,0.0
sewar,0.86
sewed,3.18
sewel,1.71
sewen,1.1
sewer,4.09
sewin,1.55
sexed,2.53
sexer,0.74
sexes,0.0
sexor,0.0
sexto,1.89
sexts,0.0
seyen,1.16
sezes,0.0
shack,3.29
shade,4.27
shads,0.0
shady,3.46
shaft,4.51
shags,0.0
shahs,0.0
shaka,0.0
shake,4.13
shako,1.85
shakt,0.0
shaky,3.29
shale,4.17
shall,5.98
shalm,0.53
shalt,3.89
shaly,2.88
shama,2.01
shame,4.22
shams,0.0
shand,2.6
shank,3.42
shans,0.0
shape,4.87
shaps,1.11
shard,2.48
share,5.09
shark,3.53
sharn,0.0
sharp,4.66
shart,1.37
shash,1.23
shaul,0.0
shave,3.28
shawl,3.31
shawm,1.65
shawn,3.06
shaws,2.09
shaya,1.46
shays,0.0
shchi,0.64
sheaf,3.06
sheal,0.93
shear,4.23
sheas,0.0
sheds,0.0
sheel,1.66
sheen,3.21
sheep,4.56
sheer,3.98
sheet,4.76
sheik,2.81
shelf,4.18
shell,4.59
shend,1.01
sheng,0.0
shent,1.55
sheol,2.48
sherd,2.78
shere,2.36
shero,0.0
shets,0.0
sheva,2.2
shewn,3.45
shews,0.0
shiai,0.0
shied,2.63
shiel,2.17
shier,1.87
shies,0.0
shift,4.67
shill,2.08
shily,0.34
shims,0.0
shine,3.86
shins,2.64
shiny,3.6
shiok,0.0
ships,0.0
shire,3.46
shirk,2.88
shirr,1.03
shirs,0.0
shirt,4.24
shish,1.89
shiso,0.0
shist,1.06
shite,2.26
shits,0.0
shiur,1.11
shiva,3.09
shive,1.96
shivs,0.0
shlep,0.58
shlub,0.0
shmek,0.0
shmoe,0.0
shoal,3.42
shoat,1.56
shock,4.53
shoed,1.49
shoer,1.34
shoes,4.38
shogi,1.28
shogs,0.0
shoji,2.44
shojo,0.0
shola,1.63
shone,3.77
shonk,1.72
shook,4.45
shool,1.53
shoon,1.89
shoos,1.56
shoot,4.21
shope,0.0
shops,0.0
shore,4.62
shorl,1.13
shorn,3.13
short,5.39
shote,1.38
shots,3.96
shott,2.19
shoud,0.0
shout,3.8
shove,3.22
showd,0.0
shown,5.42
shows,0.0
showy,3.16
shoyu,1.96
shred,2.96
shrew,2.97
shris,0.0
shrow,0.42
shrub,3.64
shrug,3.3
shtar,0.0
shtik,0.45
shtum,0.0
shtup,0.26
shuba,1.28
shuck,2.39
shule,1.43
shuln,0.0
shuls,0.0
shuns,0.0
shunt,3.49
shura,2.27
shush,2.23
shute,2.66
shuts,0.0
shwas,0.0
shyer,1.72
shyly,2.92
sials,0.0
sibbs,0.0
sibia,0.0
sibyl,2.85
sices,0.0
sicht,2.0
sicko,0.0
sicks,0.0
sicky,0.74
sidas,0.0
sided,3.92
sider,2.64
sides,4.86
sidey,1.86
sidha,0.0
sidhe,2.01
sidle,2.09
siege,3.99
sield,0.0
siens,1.22
sient,1.34
sieth,0.34
sieur,2.86
sieve,3.6
sifts,0.0
sighs,0.0
sight,4.78
sigil,1.87
sigla,1.67
sigma,3.67
signa,0.0
signs,0.0
sigri,1.02
sijos,0.0
sikas,0.0
siker,1.3
sikes,0.0
silds,0.0
siled,0.0
silen,1.63
siler,2.34
siles,0.0
silex,2.43
silks,3.29
silky,3.29
sills,3.27
silly,3.92
silos,0.0
silts,0.0
silty,3.46
silva,3.46
simar,1.37
simas,0.0
simba,2.17
simis,0.0
simps,0.0
simul,0.0
since,5.71
sinds,0.0
sined,0.0
sines,0.0
sinew,2.74
singe,2.38
sings,0.0
sinhs,0.0
sinks,0.0
sinky,0.25
sinsi,0.0
sinus,3.79
siped,0.0
sipes,0.0
sippy,0.0
sired,2.97
siree,1.54
siren,3.23
sires,0.0
sirih,0.0
siris,1.97
siroc,0.84
sirra,0.0
sirup,2.97
sisal,2.92
sises,0.0
sissy,2.79
sista,0.0
sists,0.0
sitar,2.13
sitch,1.6
sited,3.01
sites,0.0
sithe,1.6
sitka,3.02
situp,0.82
situs,2.99
siver,1.48
sixer,1.1
sixes,0.0
sixmo,0.0
sixte,1.59
sixth,4.55
sixty,4.57
sizar,1.84
sized,4.18
sizel,0.76
sizer,2.39
sizes,0.0
skags,0.0
skail,0.49
skald,1.71
skank,1.5
skarn,0.0
skart,0.53
skate,3.03
skats,0.0
skatt,0.0
skaws,0.0
skean,1.2
skear,0.42
skeds,0.0
skeed,0.0
skeef,0.0
skeen,2.47
skeer,1.29
skees,0.0
skeet,2.4
skeev,0.0
skeez,0.0
skegg,0.0
skegs,0.0
skein,2.69
skelf,0.42
skell,1.47
skelm,0.5
skelp,2.1
skene,2.67
skens,0.0
skeos,0.0
skeps,0.0
skerm,0.0
skers,0.21
skets,0.0
skews,0.0
skids,0.0
skied,2.11
skier,2.62
skies,3.76
skiey,1.1
skiff,2.86
skill,4.59
skimo,0.0
skimp,2.06
skims,0.0
skink,2.09
skins,0.0
skint,1.45
skios,0.0
skips,0.0
skirl,1.54
skirr,0.8
skirt,3.81
skite,0.95
skits,0.0
skive,1.4
skivy,0.0
sklim,0.0
skoal,1.42
skobe,0.0
skody,0.0
skoff,0.95
skofs,0.0
skogs,0.0
skols,0.0
skool,0.0
skort,0.0
skosh,0.38
skran,0.0
skrik,0.0
skroo,0.0
skuas,0.0
skugs,0.0
skulk,2.07
skull,4.07
skunk,3.0
skyed,0.7
skyer,0.61
skyey,1.42
skyfs,0.0
skyre,0.0
skyrs,0.0
skyte,0.0
slabs,0.0
slack,3.76
slade,3.22
slaes,0.0
slags,0.0
slaid,0.86
slain,3.82
slake,2.47
slams,0.0
slane,2.19
slang,3.37
slank,0.91
slant,3.28
slaps,0.0
slart,0.0
slash,3.37
slate,3.97
slats,0.0
slaty,2.75
slave,4.47
slaws,0.0
slays,0.0
slebs,0.0
sleds,0.0
sleek,3.24
sleep,4.75
sleer,0.61
sleet,2.99
slept,4.07
slews,1.35
sleys,0.0
slice,3.8
slick,3.39
slide,4.27
slier,1.21
slily,1.9
slime,3.28
slims,0.0
slimy,3.04
sling,3.28
slink,2.35
slipe,1.25
slips,0.0
slipt,0.0
slish,0.7
slits,0.0
slive,1.27
sloan,0.0
slobs,0.0
sloes,0.0
slogs,0.0
sloid,0.4
slojd,0.89
sloka,1.98
slomo,0.4
sloom,0.51
sloop,3.27
sloot,1.47
slope,4.46
slops,2.44
slopy,0.87
slorm,0.51
slosh,2.1
sloth,3.01
slots,0.0
slove,1.14
slows,3.2
sloyd,2.01
slubb,0.0
slubs,0.0
slued,0.97
slues,0.0
sluff,1.08
slugs,3.04
sluit,0.0
slump,3.34
slums,0.0
slung,3.22
slunk,2.57
slurb,0.0
slurp,2.01
slurs,0.0
sluse,0.0
slush,2.84
sluts,0.0
slyer,0.98
slyly,2.74
slype,1.08
smaak,0.0
smack,3.14
smaik,0.0
small,5.7
smalm,0.0
smalt,1.99
smarm,0.8
smart,4.21
smash,3.28
smaze,0.28
smear,3.35
smeek,0.5
smees,0.0
smeik,0.0
smeke,0.0
smell,4.24
smelt,3.19
smerk,0.95
smews,0.0
smick,1.32
smile,4.63
smily,1.01
smirk,2.94
smirr,0.56
smirs,0.0
smite,2.95
smith,5.07
smits,0.0
smize,0.0
smock,2.81
smogs,0.0
smoke,4.48
smoko,1.4
smoky,3.41
smolt,2.29
smoor,0.88
smoot,2.95
smore,1.1
smorg,0.0
smote,3.15
smout,1.84
smowt,0.0
smugs,0.0
smurs,0.0
smush,0.75
smuts,2.96
snabs,0.0
snack,3.39
snafu,1.76
snags,0.0
snail,3.37
snake,4.05
snaky,2.12
snaps,3.04
snare,3.32
snarf,1.01
snark,2.23
snarl,2.83
snars,0.0
snary,0.75
snash,0.21
snath,1.17
snaws,0.0
snead,2.48
sneak,3.3
sneap,0.76
snebs,0.0
sneck,1.42
sneds,0.0
sneed,2.57
sneer,3.19
snees,0.0
snell,3.19
snibs,0.0
snick,1.82
snide,2.34
snied,0.0
snies,0.0
sniff,3.02
snift,0.8
snigs,0.38
snipe,2.92
snips,2.24
snipy,0.48
snirt,0.24
snits,0.0
snive,0.0
snobs,0.0
snods,0.0
snoek,1.87
snoep,0.0
snogs,0.0
snoke,1.65
snood,1.69
snook,2.5
snool,0.24
snoop,2.37
snoot,1.6
snore,2.62
snort,2.95
snots,0.0
snout,3.39
snowk,0.0
snows,0.0
snowy,3.45
snubs,0.0
snuck,2.66
snuff,3.33
snugs,0.0
snush,0.0
snyes,0.0
soaks,0.0
soaps,0.0
soapy,2.77
soare,1.49
soars,0.0
soave,1.87
sobas,0.0
sober,3.83
socas,0.0
soces,0.0
socia,0.0
socko,1.08
socks,0.0
socle,1.96
sodas,0.0
soddy,2.27
sodic,2.64
sodom,3.01
sofar,2.2
sofas,2.83
softa,0.72
softs,0.0
softy,1.72
soger,1.4
soggy,2.78
sohur,0.0
soils,0.0
soily,0.56
sojas,0.0
sojus,0.0
sokah,0.0
soken,1.35
sokes,0.0
sokol,2.43
solah,0.81
solan,2.17
solar,4.54
solas,2.33
solde,1.93
soldi,2.06
soldo,1.63
solds,0.0
soled,2.47
solei,0.0
soler,2.37
soles,0.0
solid,4.87
solon,3.14
solos,2.99
solum,2.71
solus,2.35
solve,4.42
soman,2.25
somas,0.0
sonar,3.16
sonce,0.52
sonde,2.18
sones,0.0
songo,0.0
songs,0.0
songy,1.04
sonic,3.35
sonly,0.53
sonne,3.17
sonny,3.2
sonse,0.0
sonsy,0.96
sooey,0.72
sooks,0.0
sooky,0.0
soole,1.07
sools,0.0
sooms,0.0
soops,0.0
soote,1.13
sooth,2.87
soots,0.0
sooty,2.88
sophs,0.0
sophy,0.0
sopor,1.51
soppy,1.76
sopra,2.43
soral,1.12
soras,0.0
sorbi,0.0
sorbo,1.44
sorbs,0.0
sorda,0.0
sordo,0.0
sords,0.0
sored,1.84
soree,0.36
sorel,2.8
sorer,1.8
sores,0.0
sorex,2.13
sorgo,1.97
sorns,0.0
sorra,1.47
sorry,4.56
sorta,2.27
sorts,0.0
sorus,1.95
soths,0.0
sotol,1.41
sotto,0.0
souce,1.33
souct,0.0
sough,1.99
souks,0.0
souls,0.0
souly,0.13
soums,0.0
sound,5.12
soups,0.0
soupy,2.02
sours,2.33
souse,2.04
south,5.51
souts,0.0
sowar,1.39
sowce,0.3
sowed,3.02
sower,2.72
sowff,0.0
sowfs,0.0
sowle,2.0
sowls,0.0
sowms,0.0
sownd,0.98
sowne,1.3
sowps,0.0
sowse,0.29
sowth,1.25
soxes,0.0
soyas,0.0
soyle,1.73
soyuz,0.0
sozin,0.0
space,5.29
spack,1.2
spacy,1.05
spade,3.37
spado,1.03
spads,0.0
spaed,1.0
spaer,0.0
spaes,0.0
spags,0.0
spahi,1.35
spail,0.05
spain,4.69
spait,0.32
spake,3.53
spald,0.83
spale,0.68
spall,2.28
spalt,1.22
spams,0.0
spane,0.96
spang,2.14
spank,2.4
spans,0.0
spard,0.0
spare,4.22
spark,3.98
spars,0.0
spart,0.0
spasm,3.42
spate,2.86
spats,0.0
spaul,0.94
spawl,0.61
spawn,3.26
spaws,0.0
spayd,0.0
spays,0.0
spaza,0.0
spazz,0.0
speak,4.99
speal,1.24
spean,1.57
spear,3.81
speat,0.77
speck,3.21
specs,2.98
spect,3.02
speed,4.98
speel,1.58
speer,3.0
speil,0.0
speir,1.99
speks,0.0
speld,0.74
spelk,0.18
spell,4.05
spelt,3.13
spend,4.59
spent,4.89
speos,0.0
sperm,3.8
spesh,0.0
spets,0.0
speug,0.0
spews,0.0
spewy,0.17
spial,0.21
spica,2.31
spice,3.49
spick,2.12
spics,0.0
spicy,3.22
spide,0.0
spied,3.06
spiel,2.37
spier,2.34
spies,3.55
spiff,1.41
spifs,0.0
spike,3.68
spiks,0.0
spiky,2.56
spile,1.78
spill,3.7
spilt,2.83
spims,0.0
spina,2.91
spine,4.1
spink,2.61
spins,0.0
spiny,3.04
spire,3.35
spirt,1.76
spiry,1.48
spite,4.58
spits,0.0
spitz,2.66
spivs,0.0
splat,2.27
splay,2.39
split,4.42
splog,0.0
spode,1.95
spods,0.0
spoil,3.72
spoke,4.75
spoof,2.35
spook,2.53
spool,3.16
spoom,0.24
spoon,3.73
spoor,2.48
spoot,0.0
spore,3.43
spork,1.23
sport,4.33
sposa,0.0
sposh,0.0
sposo,0.0
spots,4.31
spout,3.22
sprad,0.75
sprag,1.7
sprat,2.47
spray,4.22
spred,0.0
spree,2.89
sprew,0.22
sprig,2.74
sprit,2.01
sprod,0.83
sprog,1.42
sprue,2.62
sprug,0.46
spuds,0.0
spued,0.0
spuer,0.0
spues,0.0
spugs,0.0
spule,0.0
spume,1.97
spumy,0.79
spunk,2.35
spurn,2.68
spurs,0.0
spurt,2.98
sputa,2.24
spyal,0.0
spyre,0.73
squab,2.23
squad,3.67
squat,3.18
squaw,2.94
squee,0.0
squeg,0.0
squib,2.31
squid,3.21
squit,0.7
squiz,0.4
srsly,0.0
stabs,0.0
stack,4.04
stade,2.38
staff,5.18
stage,5.13
stags,0.0
stagy,1.52
staid,3.14
staig,0.89
stain,3.87
stair,3.47
stake,4.1
stale,3.61
stalk,3.66
stall,3.71
stamp,4.25
stand,5.04
stane,2.19
stang,2.23
stank,2.52
stans,0.0
staph,2.44
staps,0.0
stare,3.85
stark,3.89
starn,1.68
starr,3.49
stars,0.0
start,5.02
stary,1.91
stash,2.68
state,6.07
stats,3.93
statu,0.0
staun,0.0
stave,3.14
staws,0.0
stays,3.8
stead,3.65
steak,3.47
steal,3.87
steam,4.8
stean,1.42
stear,1.53
stedd,0.0
stede,1.99
steds,0.0
steed,3.32
steek,1.58
steel,5.1
steem,1.24
steen,2.86
steep,4.17
steer,3.67
steez,0.0
steik,0.59
steil,0.0
stein,3.79
stela,2.65
stele,2.83
stell,2.18
steme,0.0
stems,0.0
stend,1.18
steno,2.5
stens,0.0
stent,3.05
steps,4.91
stept,0.0
stere,1.66
stern,4.15
stets,0.0
stews,0.0
stewy,0.75
steys,0.0
stich,2.32
stick,4.35
stied,0.58
sties,2.05
stiff,4.05
stilb,0.0
stile,2.98
still,5.69
stilt,2.42
stime,1.19
stims,0.0
stimy,0.11
sting,3.55
stink,3.06
stint,3.08
stipa,2.17
stipe,2.73
stire,0.98
stirk,1.71
stirp,1.29
stirs,0.0
stive,1.42
stivy,0.0
stoae,0.0
stoai,0.0
stoas,0.0
stoat,2.16
stobs,0.0
stock,5.28
stoep,1.81
stogs,0.0
stogy,1.0
stoic,3.27
stoit,0.65
stoke,3.28
stole,3.75
stoln,0.0
stoma,2.69
stomp,2.6
stond,1.59
stone,4.97
stong,1.95
stonk,0.85
stonn,0.0
stony,3.68
stood,4.96
stook,2.06
stool,3.75
stoop,3.26
stoor,1.04
stope,2.76
stops,4.13
stopt,0.0
store,4.8
stork,3.0
storm,4.5
story,5.18
stoss,1.78
stots,0.0
stott,0.0
stoun,0.66
stoup,1.91
stour,2.4
stout,3.97
stove,3.94
stown,0.0
stowp,0.0
stows,0.0
strad,2.01
strae,1.1
strag,0.96
strak,1.04
strap,3.61
straw,4.15
stray,3.66
strep,2.43
strew,2.57
stria,2.65
strig,0.89
strim,0.0
strip,4.36
strop,2.13
strow,1.52
stroy,1.73
strum,2.38
strut,3.17
stubs,0.0
stuck,4.15
stucs,0.0
stude,1.91
studs,0.0
study,5.59
stuff,4.34
stull,2.52
stulm,0.0
stumm,2.15
stump,3.63
stums,0.0
stung,3.3
stunk,1.96
stuns,0.0
stunt,3.1
stupa,2.65
stupe,1.36
sture,2.03
sturt,2.53
stush,0.0
styed,0.0
styes,0.0
style,4.93
styli,0.0
stylo,2.32
styme,0.24
stymy,0.18
styre,0.88
styte,0.0
suave,2.72
subah,1.74
subak,1.52
subas,0.0
subby,0.0
suber,0.0
subha,0.0
succi,1.5
sucks,0.0
sucky,1.32
sucre,2.54
sudan,3.87
sudds,0.0
sudor,1.32
sudsy,1.7
suede,2.71
suent,0.5
suers,0.0
suete,0.98
suets,0.0
suety,0.7
sugan,1.05
sugar,4.83
sughs,0.0
sugos,0.0
suhur,0.0
suids,0.0
suing,3.31
suint,1.43
suite,4.29
suits,0.0
sujee,0.0
sukhs,0.0
sukis,0.0
sukuk,0.0
sulci,2.55
sulfa,2.46
sulfo,0.0
sulks,2.0
sulky,2.84
sulls,0.0
sully,3.08
sulph,0.0
sulus,0.0
sumac,2.64
sumis,0.0
summa,3.19
sumos,0.0
sumph,0.84
sumps,0.0
sunis,0.0
sunks,0.0
sunna,2.34
sunns,0.0
sunny,3.83
sunts,0.0
sunup,2.09
suona,0.0
suped,0.0
super,4.27
supes,0.0
supra,4.51
surah,2.4
sural,2.23
suras,0.0
surat,3.02
surds,0.0
sured,2.34
surer,2.96
sures,0.0
surfs,0.0
surfy,0.67
surge,3.76
surgy,0.81
surly,2.91
surra,2.07
sused,0.0
suses,0.0
sushi,2.73
susus,0.0
sutor,1.83
sutra,3.09
sutta,0.0
swabs,0.0
swack,0.97
swads,0.0
swage,1.98
swags,0.0
swail,1.02
swain,3.27
swale,2.47
swaly,0.0
swami,3.14
swamp,3.85
swamy,0.0
swang,1.36
swank,2.61
swans,0.0
swaps,0.0
swapt,0.0
sward,2.82
sware,2.28
swarf,1.93
swarm,3.49
swart,2.62
swash,2.38
swath,2.86
swats,1.72
swayl,0.0
sways,0.0
sweal,0.41
swear,3.94
sweat,3.99
swede,2.9
sweed,1.04
sweel,0.82
sweep,3.97
sweer,1.19
swees,0.0
sweet,4.68
sweir,0.78
swell,3.82
swelt,0.79
swept,4.15
swerf,0.0
sweys,0.0
swies,0.0
swift,4.19
swigs,0.0
swile,0.0
swill,2.41
swims,0.0
swine,3.82
swing,4.1
swink,1.91
swipe,2.71
swire,2.19
swirl,3.15
swish,2.68
swiss,4.11
swith,1.45
swits,0.0
swive,0.99
swizz,0.0
swobs,0.0
swole,0.93
swoll,0.0
swoln,1.87
swoon,2.76
swoop,2.85
swops,0.0
swopt,0.0
sword,4.38
swore,3.67
sworn,4.12
swots,0.0
swoun,0.0
swung,3.9
sybbe,0.0
sybil,0.0
syboe,0.0
sybow,0.0
sycee,1.62
syces,0.0
sycon,0.0
syeds,0.0
syens,0.0
syker,0.4
sykes,3.28
sylis,0.0
sylph,2.2
sylva,2.52
symar,0.29
synch,2.25
syncs,0.0
synds,0.0
syned,0.0
synes,0.0
synod,3.72
synth,2.46
syped,0.0
sypes,0.0
syphs,0.0
syrah,0.0
syren,2.14
syrup,3.75
sysop,1.52
sythe,1.31
syver,0.0
taals,0.0
taata,0.0
tabac,1.86
tabby,2.66
taber,3.09
tabes,2.69
tabid,1.25
tabis,0.61
tabla,2.18
table,5.58
tabls,0.0
taboo,3.32
tabor,3.1
tabos,0.0
tabun,1.82
tabus,0.0
tacan,2.09
taces,0.0
tacet,1.24
tache,2.12
tachi,1.83
tacho,1.58
tachs,0.0
tacit,3.46
tacks,0.0
tacky,2.65
tacos,0.0
tacts,0.0
tadah,0.0
taels,0.0
taffy,2.52
tafia,1.31
taggy,0.0
tagma,0.97
tagua,1.48
tahas,0.0
tahrs,0.0
taiga,2.5
taigs,0.0
taiko,0.0
tails,3.69
tains,0.0
taint,3.23
taira,2.3
taish,0.0
taits,0.0
tajes,0.0
takas,0.0
taken,5.58
taker,3.11
takes,0.0
takhi,0.0
takht,1.95
takin,2.69
takis,0.0
takky,0.0
talak,1.34
talaq,0.0
talar,2.07
talas,0.0
talcs,0.0
talcy,0.75
talea,0.0
taler,0.0
tales,4.23
talik,0.0
talks,4.28
talky,1.69
talls,0.0
tally,3.41
talma,2.17
talon,2.76
talpa,1.82
taluk,2.85
talus,2.95
tamal,1.39
tamas,0.0
tamed,3.05
tamer,2.57
tames,0.0
tamin,0.0
tamis,1.58
tammy,2.92
tamps,0.0
tanas,0.0
tanga,2.34
tangi,0.0
tango,2.9
tangs,1.92
tangy,2.42
tanhs,0.0
tania,2.62
tanka,2.21
tanks,0.0
tanky,0.75
tanna,2.32
tansu,1.4
tansy,2.39
tante,2.4
tanti,1.95
tanto,2.85
tanty,0.0
tapas,2.52
taped,3.27
tapen,0.75
taper,3.48
tapes,3.84
tapet,0.52
tapir,2.34
tapis,1.99
tappa,1.71
tapus,0.0
taras,2.34
tardo,1.37
tards,0.0
tardy,3.09
tared,2.32
tares,0.0
targa,1.8
targe,2.2
tarka,0.0
tarns,0.0
taroc,0.56
tarok,0.0
taros,0.0
tarot,2.68
tarps,0.0
tarre,1.27
tarry,3.11
tarse,0.99
tarsi,3.18
tarte,0.0
tarts,0.0
tarty,1.58
tarzy,0.0
tasar,1.71
tasca,0.0
tased,0.0
taser,0.0
tases,1.36
tasks,0.0
tassa,0.0
tasse,1.81
tasso,2.95
taste,4.61
tasto,1.44
tasty,3.17
tatar,2.76
tater,2.02
tates,0.0
taths,0.0
tatie,0.92
tatou,1.22
tatts,0.95
tatty,2.12
tatus,0.0
taube,0.0
tauld,0.0
taunt,3.02
tauon,0.61
taupe,1.96
tauts,0.0
tauty,0.0
tavah,0.0
tavas,0.0
taver,1.06
tawaf,0.0
tawai,0.0
tawas,0.0
tawed,1.34
tawer,0.52
tawie,0.0
tawny,3.15
tawse,1.52
tawts,0.0
taxed,3.98
taxer,1.52
taxes,0.0
taxis,3.17
taxol,2.34
taxon,3.01
taxor,0.53
taxus,2.25
tayra,0.9
tazza,1.62
tazze,0.0
teach,4.56
teade,1.15
teads,0.0
teaed,0.0
teaks,0.0
teals,0.0
teams,0.0
tears,4.53
teary,2.28
tease,3.22
teats,0.0
teaze,1.55
techs,0.0
techy,1.31
tecta,0.0
tecum,2.7
teddy,3.45
teels,0.0
teems,0.0
teend,0.09
teene,0.0
teens,3.57
teeny,2.31
teers,1.72
teeth,4.63
teets,0.0
teffs,0.0
teggs,0.0
tegua,0.0
tegus,0.0
tehee,1.02
tehrs,0.0
teiid,0.8
teils,0.0
teind,1.83
teins,0.0
tekke,0.0
telae,0.0
telco,2.28
teles,0.0
telex,3.85
telia,0.0
telic,2.11
tells,0.0
telly,2.43
teloi,0.0
telos,2.61
temed,0.0
temes,0.0
tempi,0.0
tempo,3.57
temps,3.18
tempt,3.38
temse,0.81
tench,2.57
tends,0.0
tendu,1.62
tenes,0.0
tenet,3.13
tenge,1.48
tenia,1.97
tenne,2.07
tenno,1.98
tenny,2.12
tenon,2.62
tenor,3.73
tense,3.98
tenth,4.28
tents,0.0
tenty,0.69
tenue,2.01
tepal,1.37
tepas,0.0
tepee,2.4
tepid,2.89
tepoy,0.0
terai,2.34
teras,2.19
terce,1.81
terek,2.04
teres,2.63
terfe,0.0
terfs,0.0
terga,2.33
terms,5.4
terne,2.19
terns,0.0
terra,3.63
terre,3.43
terry,3.97
terse,3.01
terts,0.0
terza,2.02
tesla,2.86
testa,2.89
teste,2.59
tests,5.0
testy,2.43
tetes,0.0
teths,0.0
tetra,2.91
tetri,0.75
teuch,0.92
teugh,0.28
tewed,0.62
tewel,0.51
tewit,0.31
texas,4.9
texes,0.0
texta,0.0
texts,0.0
thack,1.71
thagi,0.73
thaim,1.78
thale,0.0
thali,0.0
thana,2.67
thane,2.83
thang,2.38
thank,4.84
thans,0.0
thanx,0.98
tharm,0.0
thars,0.0
thaws,0.0
thawt,0.49
thawy,0.35
thebe,1.87
theca,2.5
theed,0.0
theek,0.9
thees,0.0
theft,4.02
thegn,1.83
theic,1.14
thein,2.57
their,6.41
thelf,0.0
thema,2.15
theme,4.47
thens,0.0
theor,0.0
theow,0.82
there,6.34
therm,2.65
these,6.25
thesp,0.9
theta,3.29
thete,1.95
thews,0.0
thewy,0.0
thick,4.74
thief,3.76
thigh,3.76
thigs,0.0
thilk,1.17
thill,2.14
thine,3.95
thing,5.32
think,5.64
thins,0.0
thiol,0.0
third,5.42
thirl,1.34
thoft,1.12
thole,2.3
tholi,0.0
thong,2.88
thorn,3.63
thoro,2.48
thorp,2.97
those,5.97
thots,0.0
thous,0.0
thowl,0.23
thrae,0.0
thraw,1.09
three,5.85
threw,4.34
thrid,1.82
thrip,1.61
throb,2.97
throe,2.44
throw,4.45
thrum,2.24
thuds,0.0
thugs,0.0
thuja,2.33
thumb,4.03
thump,3.04
thunk,2.14
thurl,0.96
thuya,1.64
thyme,3.15
thymi,0.0
thymy,1.15
tians,0.0
tiara,2.68
tiare,1.33
tiars,0.0
tibia,3.48
tical,2.79
ticca,0.0
ticed,0.0
tices,0.0
tichy,2.01
ticks,0.0
ticky,1.58
tidal,3.91
tiddy,1.51
tided,2.08
tides,0.0
tiefs,0.0
tiers,3.3
tiffs,0.0
tifos,0.0
tifts,0.0
tiger,3.86
tiges,0.0
tight,4.39
tigon,1.03
tikas,0.0
tikes,0.0
tikia,0.0
tikis,0.0
tikka,1.84
tilak,2.68
tilde,2.12
tiled,3.21
tiler,1.91
tiles,0.0
tills,2.78
tilly,3.06
tilth,2.68
tilts,0.0
timbo,1.57
timed,3.5
timer,3.45
times,5.49
timid,3.59
timon,0.0
timps,1.38
tinas,0.0
tinct,2.47
tinds,0.0
tinea,2.71
tined,1.93
tines,0.0
tinge,3.34
tings,0.0
tinks,0.0
tinny,2.28
tinto,2.56
tints,0.0
tinty,0.32
tipis,0.0
tippy,2.15
tipsy,2.69
tipup,0.18
tired,4.35
tires,0.0
tirls,0.0
tiros,0.0
tirrs,0.0
tirth,0.0
titan,3.23
titar,0.0
titas,0.0
titch,1.61
titer,3.11
tithe,3.37
tithi,0.0
titin,0.0
titir,0.0
titis,0.0
title,5.29
titre,2.79
titty,1.97
titup,0.0
tiyin,0.0
tiyns,0.0
tizes,0.0
tizzy,1.82
toads,0.0
toady,1.99
toast,3.69
toaze,0.0
tocks,0.0
tocky,0.0
tocos,0.0
today,5.2
todde,0.0
toddy,2.63
todea,1.15
todos,0.0
toeas,0.0
toffs,0.0
toffy,1.24
tofts,0.0
tofus,0.16
togae,0.96
togas,1.87
toged,0.38
toges,0.0
togue,1.35
tohos,0.0
toidy,0.0
toile,1.94
toils,0.0
toing,0.0
toise,1.54
toits,0.0
toity,0.0
tokay,2.21
toked,0.0
token,3.92
toker,1.7
tokes,0.0
tokos,0.0
tolan,0.0
tolar,0.0
tolas,0.0
toled,0.94
toles,0.0
tolls,0.0
tolly,0.0
tolts,0.0
tolus,0.0
tolyl,2.06
toman,2.26
tombo,1.75
tombs,0.0
tomen,0.0
tomes,0.0
tomia,1.05
tomin,1.16
tomme,1.34
tommy,3.77
tomos,0.0
tomoz,0.0
tonal,3.3
tondi,0.0
tondo,2.21
toned,3.22
toner,2.84
tones,0.0
toney,2.32
tonga,3.14
tongs,3.08
tonic,3.63
tonka,2.13
tonks,0.0
tonne,3.23
tonus,2.56
tools,0.0
tooms,0.0
toons,0.0
tooth,4.18
toots,2.5
topaz,2.89
toped,0.78
topee,1.59
topek,0.54
toper,1.91
topes,0.0
tophe,0.37
tophi,1.75
tophs,0.0
topic,4.46
topis,0.0
topoi,2.24
topos,2.6
toppy,1.34
toque,2.01
torah,3.6
toran,1.63
toras,0.0
torch,3.69
torcs,0.0
tores,0.0
toric,2.26
torii,2.12
toros,0.0
torot,0.0
torrs,0.0
torse,1.43
torsi,1.0
torsk,1.0
torso,3.31
torta,1.78
torte,2.02
torts,0.0
torus,3.04
tosas,0.0
tosed,0.0
toses,0.0
toshy,0.0
tossy,1.48
tosyl,0.0
total,5.66
toted,1.97
totem,3.07
toter,1.28
totes,0.0
totty,1.93
touch,4.71
tough,4.19
touks,0.0
touns,0.0
tours,3.96
touse,1.86
tousy,0.16
touts,0.0
touze,0.76
touzy,0.0
towai,0.8
towed,3.32
towel,3.68
tower,4.5
towie,0.0
towno,0.0
towns,4.69
towny,0.88
towse,0.0
towsy,0.23
towts,0.0
towze,0.0
towzy,0.0
toxic,4.25
toxin,3.62
toyed,2.7
toyer,0.85
toyon,1.55
toyos,0.0
tozed,0.0
tozes,0.0
tozie,0.0
trabs,0.0
trace,4.5
track,4.72
tract,4.46
trade,5.45
trads,0.0
trady,0.19
traga,0.0
tragi,2.37
trags,0.0
tragu,0.0
traik,0.23
trail,4.35
train,4.81
trait,3.82
tramp,3.41
trams,0.0
trank,0.0
tranq,1.21
trans,4.54
trant,2.16
trape,1.23
trapo,0.0
traps,3.85
trapt,0.78
trash,3.69
trass,1.8
trats,0.0
tratt,1.24
trave,2.11
trawl,3.13
trayf,0.0
trays,3.52
tread,3.72
treat,4.55
treck,1.06
treed,2.13
treen,2.06
trees,0.0
trefa,0.47
treif,0.0
treks,0.0
trema,1.63
trems,0.0
trend,4.54
tress,2.61
trest,1.29
trets,0.0
trews,1.63
treyf,0.0
treys,0.0
triac,0.0
triad,3.36
trial,5.15
tribe,4.35
trice,2.67
trick,3.96
tride,1.42
tried,5.0
trier,3.19
tries,4.11
trifa,0.0
triff,0.0
trigo,0.0
trigs,0.0
trike,1.74
trild,0.0
trill,2.75
trims,0.0
trine,2.48
trins,0.0
triol,1.81
trior,1.45
trios,0.0
tripe,2.57
trips,0.0
tripy,0.0
trist,2.46
trite,2.97
troad,2.03
troak,0.0
troat,0.86
trock,1.42
trode,2.13
trods,0.0
trogs,0.0
trois,2.98
troke,1.24
troll,2.94
tromp,2.39
trona,2.24
tronc,1.36
trone,1.79
tronk,0.87
trons,0.0
troop,3.81
trooz,0.0
trope,2.94
tropo,1.42
troth,2.79
trots,0.0
trout,4.05
trove,2.71
trows,0.0
troys,0.0
truce,3.54
truck,4.56
trued,0.0
truer,3.19
trues,1.44
trugo,0.0
trugs,0.0
trull,2.12
truly,4.67
trump,3.44
trunk,4.28
truss,3.43
trust,5.15
truth,5.09
tryer,1.08
tryke,0.01
tryma,0.0
tryps,0.0
tryst,2.5
tsade,0.0
tsadi,0.0
tsars,0.0
tsked,0.0
tsuba,1.44
tsubo,1.69
tuans,0.0
tuart,1.34
tuath,0.0
tubae,0.0
tubal,2.99
tubar,0.92
tubas,0.0
tubby,2.38
tubed,2.09
tuber,3.18
tubes,0.0
tucks,0.0
tufas,0.0
tuffe,0.42
tuffs,0.0
tufts,0.0
tufty,1.66
tugra,0.0
tuile,1.07
tuina,0.0
tuism,0.0
tuktu,0.0
tules,0.0
tulip,3.08
tulle,2.51
tulpa,0.0
tulps,0.0
tulsi,0.0
tumid,2.39
tummy,2.75
tumor,4.38
tumps,0.0
tumpy,0.0
tunas,0.0
tunds,0.0
tuned,3.6
tuner,2.82
tunes,0.0
tungs,0.0
tunic,3.26
tunny,2.25
tupek,0.3
tupik,0.67
tuple,2.92
tuque,1.66
turbo,3.32
turds,0.0
turfs,1.93
turfy,1.98
turks,0.0
turme,0.0
turms,0.0
turns,0.0
turnt,0.0
turon,0.0
turps,1.54
turrs,0.0
tushy,0.52
tusks,0.0
tusky,1.01
tutee,1.59
tutes,0.0
tutor,3.74
tutti,2.57
tutty,1.41
tutus,0.0
tuxes,0.0
tuyer,0.0
twaes,0.0
twain,3.58
twals,0.0
twang,2.53
twank,0.0
twats,0.0
tways,0.0
tweak,2.48
tweed,3.32
tweel,1.36
tween,3.4
tweep,0.0
tweer,0.57
tweet,2.53
twerk,0.0
twerp,1.6
twice,4.72
twier,0.25
twigs,0.0
twill,3.02
twilt,0.43
twine,3.35
twink,1.59
twins,3.83
twiny,0.11
twire,0.69
twirk,0.0
twirl,2.47
twirp,0.55
twist,3.89
twite,1.43
twits,0.0
twixt,2.82
twocs,0.0
twoer,0.0
twonk,0.0
twyer,1.15
tyees,0.0
tyers,0.0
tying,3.6
tyiyn,0.0
tykes,0.0
tyler,3.88
tymps,0.0
tynde,0.07
tyned,0.0
tynes,0.0
typal,1.35
typed,3.66
types,0.0
typey,0.86
typic,2.39
typos,0.0
typps,0.0
typto,0.0
tyran,1.62
tyred,0.0
tyres,0.0
tyros,1.82
tythe,1.78
tzars,0.0
ubacs,0.0
ubity,0.0
udals,0.0
udder,3.01
udons,0.0
udyog,0.0
ugali,1.22
ugged,0.0
uhlan,1.58
uhuru,2.08
ukase,2.24
ulama,2.69
ulans,0.0
ulcer,3.75
ulema,2.41
ulmin,1.19
ulmos,0.0
ulnad,0.0
ulnae,0.0
ulnar,3.13
ulnas,0.0
ulpan,1.18
ultra,3.91
ulvas,0.0
ulyie,0.0
ulzie,0.0
umami,0.0
umbel,2.32
umber,2.87
umble,1.77
umbos,1.37
umbra,2.48
umbre,0.97
umiac,0.0
umiak,1.53
umiaq,0.0
ummah,2.3
ummas,0.0
ummed,0.0
umped,0.0
umphs,0.0
umpie,0.0
umpty,1.0
umrah,1.39
umras,0.0
unagi,0.0
unais,0.0
unapt,1.74
unarm,1.21
unary,2.44
unaus,0.0
unbag,0.0
unban,1.14
unbar,1.66
unbed,0.0
unbid,1.18
unbox,0.72
uncap,1.35
unces,0.0
uncia,1.56
uncle,4.47
uncos,0.0
uncoy,0.0
uncus,2.25
uncut,3.27
undam,1.03
undee,1.14
under,6.07
undid,2.75
undos,0.0
undue,3.97
undug,1.04
uneth,0.22
unfed,2.17
unfit,3.76
unfix,1.36
ungag,0.02
unget,0.52
ungod,0.49
ungot,0.24
ungum,0.0
unhat,0.37
unhip,0.0
unica,0.0
unify,3.11
union,5.37
unios,0.0
unite,3.99
units,0.0
unity,4.56
unjam,0.0
unked,0.87
unket,0.1
unkey,0.17
unkid,0.0
unkut,0.0
unlap,0.73
unlaw,1.73
unlay,1.13
unled,0.95
unleg,0.0
unlet,1.73
unlid,0.0
unlit,2.52
unmad,0.03
unman,1.76
unmet,2.95
unmew,0.0
unmix,0.99
unode,0.0
unold,0.77
unown,0.33
unpay,0.29
unpeg,0.54
unpen,0.49
unpin,1.43
unply,0.0
unpot,0.0
unput,0.33
unred,0.49
unrid,0.0
unrig,0.83
unrip,0.62
unsaw,0.0
unsay,1.82
unsee,1.03
unset,2.1
unsew,0.27
unsex,1.32
unsod,0.0
unsub,0.0
untag,0.0
untax,0.81
untie,2.71
until,5.58
untin,0.0
unwed,2.63
unwet,0.87
unwit,0.74
unwon,1.06
unzip,2.06
upbow,0.0
upbye,0.0
updos,0.0
updry,0.0
upend,1.66
upful,0.0
upjet,0.0
uplay,0.03
upled,0.65
uplit,0.0
upped,0.0
upper,5.09
upran,0.0
uprun,0.34
upsee,0.0
upset,4.1
upsey,0.14
uptak,0.0
upter,0.0
uptie,0.0
uraei,0.0
urali,0.86
uraos,0.0
urare,0.0
urari,0.95
urase,0.0
urate,2.63
urban,4.92
urbex,0.0
urbia,0.0
urdee,0.0
ureal,1.33
ureas,0.0
uredo,1.83
ureic,0.0
ureid,0.04
urena,0.0
urent,0.76
urged,4.42
urger,1.04
urges,0.0
urial,1.37
urine,4.29
urite,1.14
urman,0.0
urnal,1.67
urned,1.62
urped,0.0
ursae,0.0
ursid,0.62
urson,1.06
urubu,1.09
urupa,0.0
urvas,0.0
usage,4.34
usens,0.0
users,0.0
useta,0.0
usher,3.41
using,5.47
usnea,1.72
usnic,1.53
usque,0.0
ustad,1.88
uster,0.0
usual,4.91
usure,1.22
usurp,2.96
usury,3.37
uteri,0.0
utero,2.98
utile,2.48
utter,4.05
uveal,2.26
uveas,0.0
uvula,2.48
vacas,0.0
vacay,0.0
vacua,2.16
vacui,0.0
vacuo,2.93
vadas,0.0
vaded,0.0
vades,0.0
vadge,0.0
vagal,2.84
vague,4.14
vagus,3.06
vaids,0.0
vails,0.0
vaire,1.12
vairs,0.0
vairy,0.93
vajra,2.33
vakas,0.0
vakil,0.0
vales,0.0
valet,3.21
valid,4.6
valis,0.0
valli,0.0
valor,3.28
valse,2.29
value,5.61
valve,4.58
vamps,0.0
vampy,0.77
vanda,2.28
vaned,1.66
vanes,0.0
vanga,0.0
vangs,0.0
vants,0.0
vaped,0.0
vaper,0.0
vapes,0.0
vapid,2.48
vapor,4.19
varan,1.46
varas,0.0
varda,0.0
vardo,0.0
vardy,0.0
varec,1.17
vares,0.0
varia,0.0
varix,2.09
varna,2.71
varus,2.68
varve,1.88
vasal,1.36
vases,0.0
vasts,0.0
vasty,1.81
vatas,0.0
vatha,0.0
vatic,1.62
vatje,0.0
vatos,0.0
vatus,0.0
vauch,0.0
vault,3.74
vaunt,2.28
vaute,0.37
vauts,0.0
vawte,0.08
vaxes,0.0
veale,2.16
veals,0.0
vealy,0.3
veena,2.14
veeps,0.0
veers,0.0
veery,1.65
vegan,2.72
vegas,0.0
veges,0.0
veggo,0.0
vegie,0.86
vegos,0.0
vehme,0.73
veils,0.0
veily,0.0
veins,0.0
veiny,1.78
velar,2.52
velds,0.0
veldt,2.3
veles,0.0
vells,0.0
velum,2.49
venae,2.09
venal,2.68
venas,0.0
vends,1.55
vendu,0.0
veney,1.15
venge,1.78
venin,1.21
venom,3.35
venti,0.0
vents,0.0
venue,3.76
venus,3.88
verba,0.0
verbs,0.0
verde,3.38
verge,3.62
verra,2.05
verre,2.17
verry,2.29
versa,0.0
verse,4.43
verso,3.31
verst,1.81
verte,2.34
verts,0.0
vertu,2.33
verve,2.69
vespa,2.19
vesta,2.76
vests,0.0
vetch,2.92
veuve,1.99
veves,0.0
vexed,3.38
vexer,0.5
vexes,0.0
vexil,0.08
vezir,1.73
vials,0.0
viand,1.65
vibed,0.0
vibes,2.38
vibex,0.0
vibey,0.0
vicar,3.71
viced,0.83
vices,0.0
vichy,3.01
vicus,1.93
video,4.49
viers,0.0
vieux,2.68
views,0.0
viewy,0.66
vifda,0.0
viffs,0.0
vigas,0.0
vigia,1.38
vigil,3.15
vigor,3.78
vilde,0.0
viler,1.83
villa,3.88
ville,3.47
villi,2.89
vills,0.0
vimen,0.4
vinal,2.02
vinas,0.0
vinca,2.29
vined,1.08
viner,2.49
vines,0.0
vinew,0.0
vinho,1.48
vinic,0.89
vinny,2.32
vinos,0.0
vints,0.0
vinyl,3.67
viola,3.47
viold,0.0
viols,0.0
viper,2.93
viral,3.89
vired,0.0
vireo,2.5
vires,0.0
virga,1.95
virge,1.37
virgo,2.87
virid,0.88
virls,0.0
virtu,2.17
virus,4.47
visas,0.0
vised,0.0
vises,0.0
visie,0.94
visit,4.9
visna,0.0
visne,0.9
vison,1.78
visor,2.82
vista,3.65
visto,2.04
vitae,3.12
vital,4.6
vitas,0.0
vitex,1.91
vitro,4.1
vitta,2.17
vivas,0.0
vivat,1.77
vivda,0.0
viver,0.0
vives,2.5
vivid,3.98
vivos,0.0
vivre,0.0
vixen,2.58
vizir,2.19
vizor,1.78
vlast,1.54
vleis,0.0
vlies,0.0
vlogs,0.0
voars,0.0
vobla,0.0
vocab,1.83
vocal,4.0
voces,0.0
voddy,0.0
vodka,3.19
vodou,0.0
vodun,1.62
voema,0.0
vogie,0.2
vogue,3.58
voice,5.1
voici,0.0
voids,0.0
voila,0.0
voile,2.18
voips,0.0
volae,0.0
volar,2.45
voled,0.0
voles,0.0
volet,1.5
volke,0.0
volks,0.0
volta,3.12
volte,2.32
volti,1.22
volts,0.0
volva,1.77
volve,1.85
vomer,2.51
vomit,3.16
voted,4.4
voter,3.84
votes,0.0
vouch,2.92
vouge,0.33
voulu,1.78
vowed,3.38
vowel,3.79
vower,0.91
voxel,0.0
voxes,0.0
vozhd,0.95
vraic,0.73
vrils,0.0
vroom,2.53
vrous,0.0
vrouw,1.84
vrows,0.0
vuggs,0.0
vuggy,0.0
vughs,0.0
vughy,0.0
vulgo,2.04
vulns,0.0
vulva,3.05
vutty,0.0
vygie,0.0
vying,2.73
waacs,0.0
wacke,1.82
wacko,1.71
wacks,0.0
wacky,2.36
wadas,0.0
wadds,0.0
waddy,2.25
waded,2.9
wader,1.93
wades,0.0
wadge,1.48
wadis,0.0
wadts,0.0
wafer,3.43
waffs,0.0
wafts,0.0
waged,3.48
wager,3.31
wages,4.8
wagga,0.0
wagon,4.12
wagyu,0.0
wahay,0.0
wahey,0.28
wahoo,2.26
waide,0.0
waifs,0.0
waift,0.25
wails,0.0
wains,0.0
wairs,0.0
waist,3.99
waite,3.2
waits,0.0
waive,3.68
wakas,0.0
waked,2.8
waken,2.69
waker,1.53
wakes,0.0
wakfs,0.0
waldo,3.35
walds,0.0
waled,1.17
waler,1.86
wales,4.53
walie,0.47
walis,0.0
walks,0.0
walla,3.29
walls,0.0
wally,3.07
walty,0.76
waltz,3.28
wamed,1.83
wames,0.0
wamus,0.0
wands,2.57
waned,2.99
wanes,0.0
waney,1.11
wangs,0.0
wanks,0.0
wanky,0.57
wanle,0.0
wanly,2.07
wanna,3.21
wanta,2.1
wants,0.0
wanty,1.23
wanze,0.3
waqfs,0.0
warbs,0.0
warby,1.26
wards,3.91
wared,1.03
wares,3.74
warez,0.0
warks,0.0
warms,0.0
warns,0.0
warps,0.0
warre,2.69
warst,1.41
warts,0.0
warty,2.48
wases,0.0
washi,1.95
washy,2.16
wasms,0.0
wasps,0.0
waspy,1.13
waste,4.88
wasts,0.0
watap,0.2
watch,4.72
water,5.81
watts,3.94
wauff,0.0
waugh,3.12
wauks,0.0
waulk,0.5
wauls,0.0
waurs,0.0
waved,3.89
waver,2.85
waves,4.59
wavey,1.07
wawas,0.0
wawes,0.0
wawls,0.0
waxed,3.25
waxen,2.55
waxer,1.4
waxes,3.09
wayed,1.26
wazir,0.0
wazoo,0.0
weald,2.56
weals,0.0
weamb,0.0
weans,0.0
wears,0.0
weary,4.01
weave,3.52
webby,1.71
weber,3.99
wecht,1.48
wedel,2.26
wedge,3.81
wedgy,0.43
weeds,4.0
weedy,2.81
weeis,0.0
weeke,2.17
weeks,0.0
weels,0.0
weems,0.0
weens,0.0
weeny,1.64
weeps,0.0
weepy,2.0
weest,0.0
weete,1.13
weets,0.0
wefte,0.0
wefts,0.0
weids,0.0
weigh,3.98
weils,0.0
weird,3.72
weirs,0.0
weise,2.46
weize,0.38
wekas,0.0
welch,3.68
welds,0.0
welke,1.73
welks,0.0
welkt,0.0
wells,4.56
welly,1.65
welsh,4.03
welts,0.0
wembs,0.0
wench,2.9
wends,2.16
wenge,1.14
wenny,1.0
wents,0.0
werfs,0.0
weros,0.0
wersh,0.49
wests,0.0
wetas,0.0
wetly,1.85
wexed,0.0
wexes,0.0
whack,2.75
whale,3.82
whamo,0.0
whams,0.0
whang,2.09
whaps,0.0
whare,2.16
wharf,3.83
whata,1.57
whats,0.0
whaup,1.18
whaur,1.63
wheal,2.54
whear,1.45
wheat,4.72
wheek,0.0
wheel,4.56
wheen,1.64
wheep,0.87
wheft,0.35
whelk,1.98
whelm,1.7
whelp,2.34
whens,1.48
where,5.99
whets,0.0
whews,0.0
wheys,0.0
which,6.64
whids,0.0
whies,0.0
whiff,2.89
whift,0.31
whigs,0.0
while,5.8
whilk,2.15
whims,0.0
whine,2.97
whins,0.0
whiny,2.02
whios,0.0
whips,0.0
whipt,2.01
whirl,3.21
whirr,2.24
whirs,0.0
whish,1.91
whisk,3.1
whiss,0.37
whist,2.86
white,5.47
whits,0.0
whity,1.35
whizz,2.06
whole,5.53
whomp,1.31
whoof,1.09
whoop,2.76
whoot,0.59
whops,0.0
whore,3.35
whorl,3.24
whort,0.66
whose,5.38
whoso,2.9
whows,0.0
whump,1.56
whups,0.0
whyda,0.0
wicca,2.09
wicks,0.0
wicky,0.0
widdy,1.32
widen,3.44
wider,4.42
wides,0.0
widow,4.39
width,4.61
wield,3.19
wiels,0.0
wifed,0.0
wifes,0.0
wifey,0.0
wifie,1.29
wifts,0.0
wifty,0.0
wigan,2.88
wigga,0.0
wiggy,1.3
wight,3.45
wikis,0.0
wilco,1.82
wilds,0.0
wiled,0.0
wiles,0.0
wilga,1.4
wilis,1.5
wilja,0.0
wills,0.0
willy,3.36
wilts,0.0
wimps,0.0
wimpy,2.1
wince,2.76
winch,3.29
winds,4.3
windy,3.31
wined,1.92
wines,0.0
winey,1.48
winge,1.87
wings,4.41
wingy,1.21
winks,2.7
winky,1.59
winna,1.88
winns,0.0
winos,0.0
winze,2.42
wiped,3.85
wiper,2.8
wipes,0.0
wired,3.53
wirer,0.93
wires,0.0
wirra,1.25
wirri,0.0
wised,0.0
wiser,3.62
wises,0.0
wisha,1.26
wisht,1.95
wisps,0.0
wispy,2.51
wists,0.0
witan,2.04
witch,3.81
wited,0.0
wites,0.0
withe,2.21
withs,0.0
withy,2.23
witty,3.51
wived,1.15
wiver,0.52
wives,4.27
wizen,1.2
wizes,0.0
wizzo,0.48
woads,0.0
woady,0.0
woald,1.27
wocks,0.0
wodge,0.0
wodgy,0.0
woful,2.33
wojus,0.0
woken,2.91
woker,0.0
wokka,0.0
wolds,0.0
wolfs,0.0
wolly,0.0
wolve,1.15
woman,5.25
womas,0.0
wombs,0.0
womby,0.35
women,5.52
womyn,0.0
wonga,0.0
wongi,0.0
wonks,0.0
wonky,1.71
wonts,0.0
woods,4.51
woody,3.69
wooed,2.73
wooer,2.11
woofs,0.0
woofy,0.45
woold,1.58
wools,0.0
wooly,2.21
woons,0.0
woops,0.0
woopy,0.0
woose,0.0
woosh,1.06
wootz,1.3
woozy,2.13
words,5.44
wordy,2.6
works,5.32
worky,0.0
world,5.76
worms,0.0
wormy,2.36
worry,4.34
worse,4.62
worst,4.45
worth,4.94
worts,0.0
would,6.31
wound,4.44
woven,3.9
wowed,0.0
wowee,0.0
wowse,0.0
woxen,0.92
wrack,2.38
wrang,1.86
wraps,0.0
wrapt,2.68
wrast,0.15
wrate,1.01
wrath,3.91
wrawl,0.0
wreak,2.78
wreck,3.76
wrens,2.52
wrest,2.97
wrick,0.67
wried,0.57
wrier,0.83
wries,0.0
wring,2.91
wrist,3.91
write,5.03
writs,0.0
wroke,0.35
wrong,4.92
wroot,1.16
wrote,4.97
wroth,2.77
wrung,3.15
wryer,0.0
wryly,2.84
wuddy,0.0
wudus,0.0
wuffs,0.0
wulls,0.0
wunga,0.0
wurst,1.91
wuses,0.0
wushu,1.46
wussy,0.0
wuxia,0.0
wyled,0.0
wyles,0.0
wynds,0.0
wynns,0.0
wyted,0.0
wytes,0.0
wythe,2.65
xebec,1.36
xenia,2.67
xenic,0.0
xenon,3.08
xeric,2.13
xerox,3.26
xerus,0.0
xoana,0.0
xolos,0.0
xrays,0.0
xviii,3.91
xylan,2.15
xylem,2.98
xylic,0.71
xylol,2.27
xylyl,1.27
xysti,0.0
xysts,0.0
yaars,0.0
yaass,0.0
yabas,0.0
yabba,0.0
yabby,1.0
yacca,0.9
yacht,3.65
yacka,0.0
yacks,0.0
yadda,0.0
yaffs,0.0
yager,2.47
yages,0.0
yagis,0.0
yagna,0.0
yahoo,2.64
yaird,1.02
yajna,2.05
yakka,0.0
yakow,0.0
yales,0.0
yamen,2.36
yampa,0.0
yampy,0.0
yamun,1.2
yandy,0.22
yangs,0.0
yanks,0.0
yapok,0.0
yapon,0.18
yapps,0.0
yappy,1.17
yarak,0.0
yarco,0.0
yards,0.0
yarer,0.0
yarfa,0.0
yarks,0.0
yarns,0.0
yarra,0.0
yarrs,0.0
yarta,0.0
yarto,0.0
yates,0.0
yatra,2.02
yauds,0.0
yauld,0.09
yaups,0.0
yawed,1.85
yawey,0.0
yawls,0.0
yawns,0.0
yawny,0.27
yawps,0.0
yayas,0.0
ybore,0.0
yclad,0.89
ycled,0.0
ycond,0.0
ydrad,0.32
ydred,0.0
yeads,0.0
yeahs,0.0
yealm,0.0
yeans,0.0
yeard,1.38
yearn,2.93
years,5.95
yeast,3.94
yecch,0.0
yechs,0.0
yechy,0.0
yedes,0.0
yeeds,0.0
yeeek,0.0
yeesh,0.0
yeggs,0.0
yelks,0.0
yells,0.0
yelms,0.0
yelps,0.0
yelts,0.0
yenta,1.17
yente,0.0
yerba,2.47
yerds,0.0
yerks,0.0
yeses,0.0
yesks,0.0
yests,0.0
yesty,0.85
yetis,0.0
yetts,0.0
yeuch,0.14
yeuks,0.0
yeuky,0.0
yeven,1.53
yeves,0.0
yewen,0.32
yexed,0.0
yexes,0.0
yfere,0.76
yield,4.88
yiked,0.0
yikes,1.93
yills,0.0
yince,0.0
yipes,0.96
yippy,0.0
yirds,0.0
yirks,0.0
yirrs,0.0
yirth,0.05
yites,0.0
yitie,0.0
ylems,0.0
ylide,0.0
ylids,0.0
ylike,0.65
ylkes,0.0
ymolt,0.0
ympes,0.0
yobbo,0.67
yobby,0.0
yocks,0.0
yodel,1.82
yodhs,0.0
yodle,0.28
yogas,0.0
yogee,0.55
yoghs,0.0
yogic,2.46
yogin,0.0
yogis,0.0
yohah,0.0
yohay,0.59
yoick,0.0
yojan,0.2
yokan,0.0
yoked,2.67
yokeg,0.0
yokel,1.99
yoker,0.0
yokes,0.0
yokul,0.0
yolks,0.0
yolky,1.38
yolps,0.0
yomim,0.0
yomps,0.0
yonic,0.0
yonis,0.0
yonks,0.0
yonny,0.0
yoofs,0.0
yoops,0.0
yopos,0.0
yoppo,0.0
yores,0.69
yorga,0.0
yorks,2.95
yorps,0.0
youks,0.0
young,5.45
yourn,1.91
yours,4.47
yourt,1.2
youse,0.0
youth,4.83
yowed,0.0
yowes,0.0
yowie,0.0
yowls,0.0
yowsa,0.0
yowza,0.0
yoyos,0.0
yrapt,0.0
yrent,0.26
yrivd,0.0
yrneh,0.0
ysame,0.0
ytost,0.0
yuans,0.0
yucas,0.0
yucca,2.99
yucch,0.0
yucko,0.0
yucks,0.0
yucky,1.72
yufts,0.0
yugas,0.0
yuked,0.0
yukes,0.0
yukky,0.61
yukos,0.0
yulan,1.41
yules,0.0
yummo,0.0
yummy,2.34
yumps,0.0
yupon,0.35
yuppy,0.83
yurta,0.0
yurts,0.0
yuzus,0.0
zabra,0.59
zacks,0.0
zaida,0.0
zaide,0.0
zaidy,0.0
zaire,3.28
zakat,2.39
zamac,0.0
zamak,0.0
zaman,2.43
zambo,1.5
zamia,1.76
zamis,0.0
zanja,0.0
zante,2.22
zanza,0.38
zanze,0.55
zappy,0.6
zarda,1.09
zarfs,0.0
zaris,0.0
zatis,0.0
zawns,0.0
zaxes,0.0
zayde,0.0
zayin,1.16
zazen,2.04
zeals,0.0
zebec,0.49
zebra,3.06
zebub,1.34
zebus,0.0
zedas,0.0
zeera,0.0
zeins,0.0
zendo,1.46
zerda,1.01
zerks,0.0
zeros,3.3
zests,0.0
zesty,1.96
zetas,0.0
zexes,0.0
zezes,0.0
zhomo,0.0
zhush,0.0
zhuzh,0.0
zibet,0.42
ziffs,0.0
zigan,0.49
zikrs,0.0
zilas,0.0
zilch,1.86
zilla,2.44
zills,0.0
zimbi,0.0
zimbs,0.0
zinco,1.11
zincs,0.0
zincy,0.0
zineb,1.98
zines,2.15
zings,0.0
zingy,1.25
zinke,1.67
zinky,0.64
zinos,0.0
zippo,1.98
zippy,1.86
ziram,1.56
zitis,0.0
zitty,0.0
zizel,0.0
zizit,0.0
zlote,0.0
zloty,2.16
zoaea,0.48
zobos,0.0
zobus,0.0
zocco,0.75
zoeae,0.0
zoeal,0.0
zoeas,0.0
zoism,0.0
zoist,0.0
zokor,0.27
zolle,0.0
zombi,1.32
zonae,1.28
zonal,3.25
zonda,0.0
zoned,3.02
zoner,0.0
zones,0.0
zonks,0.0
zooea,0.0
zooey,0.0
zooid,1.93
zooks,1.22
zooms,0.0
zoomy,0.27
zoons,0.68
zooty,0.0
zoppa,0.51
zoppo,0.0
zoril,0.0
zoris,0.0
zorro,2.13
zorse,0.0
zouks,0.0
zowee,0.0
zowie,1.13
zulus,2.64
zupan,0.0
zupas,0.0
zuppa,1.32
zurfs,0.0
zuzim,0.0
zygal,0.45
zygon,1.56
zymes,0.0
zymic,0.0
